,gamma,informativity,complexity
0,1.0,8.881784197001252e-16,-2.220446049250313e-16
1,1.0030768854896908,6.661338147750939e-16,-4.440892098500626e-16
2,1.0061632382036982,8.881784197001252e-16,0.0
3,1.0092590872715874,1.1102230246251565e-15,0.0
4,1.012364461912552,1.3322676295501878e-15,-2.220446049250313e-16
5,1.0154793914356894,8.881784197001252e-16,-8.881784197001252e-16
6,1.0186039052402778,6.661338147750939e-16,-6.661338147750939e-16
7,1.021738032816054,8.881784197001252e-16,-4.440892098500626e-16
8,1.024881803743491,8.881784197001252e-16,0.0
9,1.0280352476940773,4.440892098500626e-16,-6.661338147750939e-16
10,1.031198394430598,8.881784197001252e-16,-2.220446049250313e-16
11,1.0343712738074138,6.661338147750939e-16,-4.440892098500626e-16
12,1.037553915770745,6.661338147750939e-16,-8.881784197001252e-16
13,1.0407463503589518,4.440892098500626e-16,-8.881784197001252e-16
14,1.04394860770282,1.3322676295501878e-15,-6.661338147750939e-16
15,1.0471607180258435,6.661338147750939e-16,-2.220446049250313e-16
16,1.0503827116445115,8.881784197001252e-16,-8.881784197001252e-16
17,1.0536146189685924,4.440892098500626e-16,-6.661338147750939e-16
18,1.056856470501423,1.3322676295501878e-15,-2.220446049250313e-16
19,1.0601082968401947,1.3322676295501878e-15,-6.661338147750939e-16
20,1.0633701286762431,1.1102230246251565e-15,2.220446049250313e-16
21,1.0666419967953376,1.1102230246251565e-15,-4.440892098500626e-16
22,1.069923932077972,8.881784197001252e-16,-4.440892098500626e-16
23,1.0732159654996556,6.661338147750939e-16,-2.220446049250313e-16
24,1.076518128131206,1.1102230246251565e-15,0.0
25,1.079830451139042,8.881784197001252e-16,-4.440892098500626e-16
26,1.083152965785478,4.440892098500626e-16,-4.440892098500626e-16
27,1.0864857034290187,8.881784197001252e-16,-2.220446049250313e-16
28,1.089828695524656,1.1102230246251565e-15,0.0
29,1.0931819736241644,8.881784197001252e-16,-2.220446049250313e-16
30,1.0965455693764001,8.881784197001252e-16,0.0
31,1.099919514527599,6.661338147750939e-16,-4.440892098500626e-16
32,1.1033038409216769,4.440892098500626e-16,-6.661338147750939e-16
33,1.106698580500529,8.881784197001252e-16,-4.440892098500626e-16
34,1.1101037653043324,8.881784197001252e-16,0.0
35,1.1135194274718483,4.440892098500626e-16,-6.661338147750939e-16
36,1.1169455992407253,4.440892098500626e-16,-2.220446049250313e-16
37,1.120382312947803,4.440892098500626e-16,-6.661338147750939e-16
38,1.1238296010294182,1.3322676295501878e-15,-4.440892098500626e-16
39,1.1272874960217107,1.3322676295501878e-15,-4.440892098500626e-16
40,1.1307560305609297,6.661338147750939e-16,-4.440892098500626e-16
41,1.134235237383743,8.881784197001252e-16,-6.661338147750939e-16
42,1.137725149327545,1.3322676295501878e-15,0.0
43,1.1412257993307673,8.881784197001252e-16,0.0
44,1.144737220433189,1.1102230246251565e-15,-2.220446049250313e-16
45,1.1482594457762487,8.881784197001252e-16,-4.440892098500626e-16
46,1.151792508603358,8.881784197001252e-16,-6.661338147750939e-16
47,1.1553364422602141,8.881784197001252e-16,-6.661338147750939e-16
48,1.1588912801951157,4.440892098500626e-16,-4.440892098500626e-16
49,1.162457055959277,5.551115123125783e-16,-5.551115123125783e-16
50,1.166033803207147,4.440892098500626e-16,-8.881784197001252e-16
51,1.169621555696724,8.881784197001252e-16,-4.440892098500626e-16
52,1.1732203472898768,4.440892098500626e-16,-6.661338147750939e-16
53,1.176830211952663,6.661338147750939e-16,-4.440892098500626e-16
54,1.1804511837556497,4.440892098500626e-16,-8.881784197001252e-16
55,1.1840832968742359,8.881784197001252e-16,-4.440892098500626e-16
56,1.1877265855889734,4.440892098500626e-16,-6.661338147750939e-16
57,1.191381084285892,8.881784197001252e-16,0.0
58,1.1950468274568233,4.440892098500626e-16,-8.881784197001252e-16
59,1.1987238496997263,8.881784197001252e-16,0.0
60,1.2024121857190138,1.1102230246251565e-15,-4.440892098500626e-16
61,1.20611187032588,8.881784197001252e-16,-4.440892098500626e-16
62,1.2098229384386294,8.881784197001252e-16,-4.440892098500626e-16
63,1.2135454250830062,1.3322676295501878e-15,-4.440892098500626e-16
64,1.217279365392525,8.881784197001252e-16,0.0
65,1.221024794608801,8.881784197001252e-16,-6.661338147750939e-16
66,1.2247817480818854,6.661338147750939e-16,-4.440892098500626e-16
67,1.2285502612705967,8.881784197001252e-16,0.0
68,1.232330369742856,8.881784197001252e-16,-2.220446049250313e-16
69,1.2361221091760233,4.440892098500626e-16,-8.881784197001252e-16
70,1.2399255153572328,4.440892098500626e-16,-4.440892098500626e-16
71,1.243740624183733,6.661338147750939e-16,-4.440892098500626e-16
72,1.2475674716632228,1.1102230246251565e-15,0.0
73,1.2514060939141936,2.220446049250313e-16,-8.881784197001252e-16
74,1.2552565271662688,4.440892098500626e-16,-6.661338147750939e-16
75,1.2591188077605464,6.661338147750939e-16,-4.440892098500626e-16
76,1.2629929721499416,1.7763568394002505e-15,-2.220446049250313e-16
77,1.2668790568995312,4.440892098500626e-16,-1.1102230246251565e-15
78,1.2707770986868985,1.3322676295501878e-15,0.0
79,1.2746871343024795,8.881784197001252e-16,0.0
80,1.2786092006499103,6.661338147750939e-16,-8.881784197001252e-16
81,1.282543334746375,8.881784197001252e-16,0.0
82,1.2864895737229558,4.440892098500626e-16,-8.881784197001252e-16
83,1.2904479548249825,1.3322676295501878e-15,0.0
84,1.2944185154123846,1.1102230246251565e-15,-2.220446049250313e-16
85,1.2984012929600441,8.881784197001252e-16,0.0
86,1.3023963250581485,8.881784197001252e-16,0.0
87,1.3064036494125466,4.440892098500626e-16,-2.220446049250313e-16
88,1.3104233038451032,8.881784197001252e-16,-2.220446049250313e-16
89,1.3144553262940568,2.220446049250313e-16,-1.3322676295501878e-15
90,1.3184997548143778,6.661338147750939e-16,-4.440892098500626e-16
91,1.3225566275781269,1.3322676295501878e-15,2.220446049250313e-16
92,1.3266259828748164,1.3322676295501878e-15,0.0
93,1.3307078591117707,4.440892098500626e-16,-6.661338147750939e-16
94,1.3348022948144893,8.881784197001252e-16,-4.440892098500626e-16
95,1.3389093286270097,8.881784197001252e-16,-2.220446049250313e-16
96,1.343028999312274,6.661338147750939e-16,-4.440892098500626e-16
97,1.3471613457524918,4.440892098500626e-16,-1.1102230246251565e-15
98,1.35130640694951,8.881784197001252e-16,-4.440892098500626e-16
99,1.3554642220251791,8.881784197001252e-16,-4.440892098500626e-16
100,1.3596348302217234,4.440892098500626e-16,-4.440892098500626e-16
101,1.3638182709021107,8.881784197001252e-16,-2.220446049250313e-16
102,1.3680145835504247,6.661338147750939e-16,-4.440892098500626e-16
103,1.3722238077722364,8.881784197001252e-16,-2.220446049250313e-16
104,1.376445983294979,8.881784197001252e-16,-4.440892098500626e-16
105,1.3806811499683225,1.3322676295501878e-15,0.0
106,1.3849293477645495,6.661338147750939e-16,-4.440892098500626e-16
107,1.3891906167789332,1.3322676295501878e-15,-2.220446049250313e-16
108,1.393464997230115,8.881784197001252e-16,-4.440892098500626e-16
109,1.3977525294604842,2.220446049250313e-16,-1.1102230246251565e-15
110,1.4020532539365598,4.440892098500626e-16,-8.881784197001252e-16
111,1.4063672112493708,6.661338147750939e-16,-8.881784197001252e-16
112,1.410694442114841,0.0,-1.1102230246251565e-15
113,1.4150349873741717,8.881784197001252e-16,-8.881784197001252e-16
114,1.419388887994228,8.881784197001252e-16,-4.440892098500626e-16
115,1.4237561850679257,6.661338147750939e-16,-4.440892098500626e-16
116,1.4281369198146188,4.440892098500626e-16,-6.661338147750939e-16
117,1.432531133580488,4.440892098500626e-16,-6.661338147750939e-16
118,1.436938867838932,6.661338147750939e-16,-4.440892098500626e-16
119,1.4413601641909584,6.661338147750939e-16,-6.661338147750939e-16
120,1.445795064365576,8.881784197001252e-16,0.0
121,1.4502436102201888,4.440892098500626e-16,-6.661338147750939e-16
122,1.454705843740992,8.881784197001252e-16,2.220446049250313e-16
123,1.459181807043367,8.881784197001252e-16,-2.220446049250313e-16
124,1.4636715423722797,1.3322676295501878e-15,-4.440892098500626e-16
125,1.4681750921026784,1.3322676295501878e-15,-2.220446049250313e-16
126,1.4726924987398944,1.1102230246251565e-15,0.0
127,1.4772238049200437,8.881784197001252e-16,-6.661338147750939e-16
128,1.481769053410428,4.440892098500626e-16,-8.881784197001252e-16
129,1.4863282871099393,8.881784197001252e-16,-4.440892098500626e-16
130,1.4909015490494648,1.3322676295501878e-15,0.0
131,1.4954888823922927,0.0,-1.1102230246251565e-15
132,1.5000903304345194,1.3322676295501878e-15,2.220446049250313e-16
133,1.5047059366054587,8.881784197001252e-16,-4.440892098500626e-16
134,1.5093357444680517,6.661338147750939e-16,-2.220446049250313e-16
135,1.513979797719277,8.881784197001252e-16,0.0
136,1.5186381401905644,8.881784197001252e-16,-6.661338147750939e-16
137,1.5233108158482078,4.440892098500626e-16,-6.661338147750939e-16
138,1.5279978687937803,4.440892098500626e-16,-6.661338147750939e-16
139,1.5326993432645504,8.881784197001252e-16,-2.220446049250313e-16
140,1.5374152836338997,1.1102230246251565e-15,-2.220446049250313e-16
141,1.5421457344117415,4.440892098500626e-16,-4.440892098500626e-16
142,1.5468907402449414,8.881784197001252e-16,-2.220446049250313e-16
143,1.5516503459177382,6.661338147750939e-16,-4.440892098500626e-16
144,1.5564245963521661,8.881784197001252e-16,-2.220446049250313e-16
145,1.56121353660848,8.881784197001252e-16,-4.440892098500626e-16
146,1.5660172118855795,6.661338147750939e-16,-2.220446049250313e-16
147,1.570835667521436,1.3322676295501878e-15,-6.661338147750939e-16
148,1.5756689489935216,8.881784197001252e-16,0.0
149,1.5805171019192361,6.661338147750939e-16,-4.440892098500626e-16
150,1.5853801720563396,1.1102230246251565e-15,-2.220446049250313e-16
151,1.5902582053033831,6.661338147750939e-16,-2.220446049250313e-16
152,1.5951512477001428,8.881784197001252e-16,-4.440892098500626e-16
153,1.6000593454280536,6.661338147750939e-16,-2.220446049250313e-16
154,1.6049825448106454,1.3322676295501878e-15,2.220446049250313e-16
155,1.6099208923139803,6.661338147750939e-16,-4.440892098500626e-16
156,1.6148744345470911,8.881784197001252e-16,-2.220446049250313e-16
157,1.6198432182624216,8.881784197001252e-16,-4.440892098500626e-16
158,1.6248272903562673,1.1102230246251565e-15,0.0
159,1.629826697869218,4.440892098500626e-16,-6.661338147750939e-16
160,1.6348414879866024,8.881784197001252e-16,-2.220446049250313e-16
161,1.639871708038933,8.881784197001252e-16,0.0
162,1.6449174055023523,8.881784197001252e-16,0.0
163,1.6499786279990825,8.881784197001252e-16,-4.440892098500626e-16
164,1.6550554232978727,4.440892098500626e-16,-6.661338147750939e-16
165,1.660147839314452,1.1102230246251565e-15,4.440892098500626e-16
166,1.66525592411198,1.3322676295501878e-15,0.0
167,1.6703797259015019,6.661338147750939e-16,-2.220446049250313e-16
168,1.6755192930424019,1.1102230246251565e-15,0.0
169,1.6806746740428609,8.881784197001252e-16,-4.440892098500626e-16
170,1.6858459175603142,1.3322676295501878e-15,-4.440892098500626e-16
171,1.69103307240191,8.881784197001252e-16,-2.220446049250313e-16
172,1.6962361875249705,1.3322676295501878e-15,0.0
173,1.7014553120374545,1.3322676295501878e-15,4.440892098500626e-16
174,1.7066904951984199,2.220446049250313e-16,-1.1102230246251565e-15
175,1.7119417864184892,1.1102230246251565e-15,2.220446049250313e-16
176,1.7172092352603154,8.881784197001252e-16,-2.220446049250313e-16
177,1.722492891439051,4.440892098500626e-16,-4.440892098500626e-16
178,1.7277928048228153,4.440892098500626e-16,-4.440892098500626e-16
179,1.7331090254331667,4.440892098500626e-16,-4.440892098500626e-16
180,1.738441603445574,8.881784197001252e-16,-4.440892098500626e-16
181,1.7437905891898906,8.881784197001252e-16,2.220446049250313e-16
182,1.7491560331508282,8.881784197001252e-16,0.0
183,1.7545379859684351,8.881784197001252e-16,-6.661338147750939e-16
184,1.7599364984385728,6.661338147750939e-16,-1.3322676295501878e-15
185,1.7653516215133955,8.881784197001252e-16,-2.220446049250313e-16
186,1.7707834063018324,6.661338147750939e-16,-4.440892098500626e-16
187,1.7762319040700676,1.1102230246251565e-15,0.0
188,1.7816971662420267,8.881784197001252e-16,0.0
189,1.78717924439986,8.881784197001252e-16,-2.220446049250313e-16
190,1.7926781902844302,8.881784197001252e-16,-4.440892098500626e-16
191,1.7981940557958016,8.881784197001252e-16,-2.220446049250313e-16
192,1.8037268929937278,1.3322676295501878e-15,-8.881784197001252e-16
193,1.8092767540981454,8.881784197001252e-16,-4.440892098500626e-16
194,1.8148436914896648,8.881784197001252e-16,-4.440892098500626e-16
195,1.820427757710066,8.881784197001252e-16,0.0
196,1.8260290054627946,6.661338147750939e-16,-4.440892098500626e-16
197,1.8316474876134574,8.881784197001252e-16,0.0
198,1.8372832571903241,6.661338147750939e-16,-4.440892098500626e-16
199,1.8429363673848247,4.440892098500626e-16,-6.661338147750939e-16
200,1.8486068715520545,1.3322676295501878e-15,0.0
201,1.8542948232112757,8.881784197001252e-16,-2.220446049250313e-16
202,1.8600002760464232,8.881784197001252e-16,0.0
203,1.8657232839066114,1.3322676295501878e-15,0.0
204,1.8714639008066418,8.881784197001252e-16,0.0
205,1.8772221809275138,8.881784197001252e-16,0.0
206,1.8829981786169354,8.881784197001252e-16,-4.440892098500626e-16
207,1.8887919483898359,1.3322676295501878e-15,0.0
208,1.8946035449288816,1.7763568394002505e-15,8.881784197001252e-16
209,1.9004330230849897,8.881784197001252e-16,0.0
210,1.906280437877849,1.3322676295501878e-15,-2.220446049250313e-16
211,1.912145844496437,8.881784197001252e-16,0.0
212,1.9180292982995406,8.881784197001252e-16,-8.881784197001252e-16
213,1.9239308548162803,8.881784197001252e-16,0.0
214,1.9298505697466328,1.3322676295501878e-15,-2.220446049250313e-16
215,1.9357884989619578,8.881784197001252e-16,-6.661338147750939e-16
216,1.941744698505524,6.661338147750939e-16,-4.440892098500626e-16
217,1.9477192245930397,8.881784197001252e-16,-2.220446049250313e-16
218,1.953712133613182,8.881784197001252e-16,-2.220446049250313e-16
219,1.959723482128129,8.881784197001252e-16,-6.661338147750939e-16
220,1.9657533268740954,8.881784197001252e-16,-4.440892098500626e-16
221,1.9718017247618658,4.440892098500626e-16,-6.661338147750939e-16
222,1.9778687328773326,8.881784197001252e-16,-4.440892098500626e-16
223,1.9839544084820362,8.881784197001252e-16,-6.661338147750939e-16
224,1.9900588090137024,8.881784197001252e-16,-8.881784197001252e-16
225,1.9961819920867883,6.661338147750939e-16,-4.440892098500626e-16
226,2.0023240154930217,1.3322676295501878e-15,0.0
227,2.0084849372019518,1.1102230246251565e-15,2.220446049250313e-16
228,2.014664815361491,8.881784197001252e-16,2.220446049250313e-16
229,2.0208637082984673,1.3322676295501878e-15,4.440892098500626e-16
230,2.0270816745191738,8.881784197001252e-16,0.0
231,2.0333187727099196,8.881784197001252e-16,-1.1102230246251565e-16
232,2.0395750617375867,1.1102230246251565e-15,8.881784197001252e-16
233,2.045850600650182,8.881784197001252e-16,2.220446049250313e-16
234,2.052145448677398,1.5543122344752192e-15,4.440892098500626e-16
235,2.0584596652311684,1.9984014443252818e-15,2.220446049250313e-15
236,2.064793309906232,2.220446049250313e-15,3.1086244689504383e-15
237,2.071146442480693,3.552713678800501e-15,6.8833827526759706e-15
238,2.077519122916587,1.9984014443252818e-15,2.886579864025407e-15
239,2.0839114113604436,1.5543122344752192e-15,2.886579864025407e-15
240,2.09032336814386,8.881784197001252e-16,2.220446049250313e-15
241,2.096755053784063,6.217248937900877e-15,1.3322676295501878e-14
242,2.103206528984487,3.774758283725532e-15,7.993605777301127e-15
243,2.1096778546353425,-3.3306690738754696e-16,2.220446049250313e-16
244,2.1161690918141915,6.217248937900877e-15,1.4432899320127035e-14
245,2.1226803017865272,8.881784197001252e-16,1.6653345369377348e-15
246,2.1292115460063465,1.1102230246251565e-16,0.0
247,2.1357628861167353,6.661338147750939e-15,1.5765166949677223e-14
248,2.1423343839504483,1.645350522494482e-13,3.9390712913700554e-13
249,2.148926101530491,4.82280881897168e-13,1.1552980794249379e-12
250,2.1555381010707078,3.4849900742983664e-13,8.335554468885675e-13
251,2.162170444976368,3.694822225952521e-13,8.858469513484124e-13
252,2.168823195844754,1.8673951274195133e-12,4.46753745109163e-12
253,2.1754964164657533,1.1868284133242923e-13,2.836619827917275e-13
254,2.182190169822451,5.040412531798211e-14,1.20570220474292e-13
255,2.188904519091724,1.208921851514333e-12,2.8946844921051706e-12
256,2.1956395276448357,1.5841550293771434e-11,3.790190383767822e-11
257,2.2023952590480373,1.8013368574543165e-12,4.3117731607367205e-12
258,2.2091717770631663,9.946043988406927e-12,2.3797852577445155e-11
259,2.215969145648246,1.0981215936567423e-12,2.6283419884975956e-12
260,2.222787428958094,5.832578864328752e-11,1.3955103739249353e-10
261,2.2296266913449223,2.0039525594484076e-13,4.777289674962049e-13
262,2.2364869973589485,7.32451876928053e-11,1.7524692808024156e-10
263,2.2433684117490045,1.3985479441203097e-10,3.3462099757741726e-10
264,2.2502709994631456,2.2781410091710086e-09,5.450709217313943e-09
265,2.257194825649266,2.949329669377221e-11,7.056821793582913e-11
266,2.264139955655711,1.613298938885066e-08,3.8599900609170845e-08
267,2.271106455031897,7.537249935296586e-09,1.8034315041326465e-08
268,2.278094389528928,1.486943013162545e-08,3.5576445123197686e-08
269,2.2851038251002156,4.134808717637384e-09,9.89289894448575e-09
270,2.292134827902103,4.830427391411263e-09,1.1557449330901193e-08
271,2.29918746429449,3.6756980792418403e-09,8.794561523473021e-09
272,2.3062618008414564,0.006891480213268686,0.015848211282936786
273,2.313357904311894,0.009318330324309176,0.021456152741932133
274,2.3204758416801328,0.01145859431777696,0.026416063741106388
275,2.327615680126576,0.01468560156011911,0.033912610887549155
276,2.3347774870383344,0.017691241267492774,0.04092136044033623
277,2.3419613300098594,0.01997713439312898,0.04626712419193546
278,2.3491672768435836,0.02271405704873275,0.05268684030116422
279,2.35639539555056,0.025227683933397582,0.05860106338373283
280,2.363645754351104,0.02774158053062914,0.06453378622510653
281,2.370918421675436,0.029988833889943667,0.0698528109998422
282,2.3782134661643295,0.03279087345783793,0.07650533110183977
283,2.385530956669758,0.03523175341845919,0.08231970290191115
284,2.392870962255543,0.037531053862524644,0.0878134321814148
285,2.4002335521980096,0.03984872993209265,0.09336774213867138
286,2.407618795986637,0.04220149566347775,0.09902356966143255
287,2.4150267633247147,0.04445519159342193,0.10445802589155795
288,2.4224575241300035,0.0466690674712571,0.10981276343578439
289,2.4299111485353913,0.0488821504107686,0.11518203540308525
290,2.4373877068895577,0.05104215194093409,0.12043869197597523
291,2.4448872697576367,0.053173973713013245,0.12564272829976963
292,2.4524099079218837,0.05526864613773563,0.13077181436407526
293,2.4599556923823425,0.05733544795345624,0.13584823301201854
294,2.467524694357516,0.059368853843813074,0.14085801133282083
295,2.4751169852850383,0.06136461757160916,0.14579016799681077
296,2.482732636822349,0.0709205856254369,0.16938831707258917
297,2.4903717208473695,0.0744934388558387,0.17829070576536177
298,2.498034309459181,0.07646609691410888,0.18320935625150003
299,2.505720474978706,0.07944277230258878,0.19066248280897757
300,2.513430289949389,0.08210742377803193,0.1973530242452437
301,2.5211638271378836,0.08470175031667093,0.2038856911996494
302,2.5289211595347374,0.08732802015927432,0.2105190673501136
303,2.536702360355082,0.0900219339682864,0.21734133728119365
304,2.5445075030393225,0.09275506654294796,0.2242851843139999
305,2.552336661253834,0.09549465572825899,0.23126731164729364
306,2.560189908891651,0.09812717877040456,0.2379975807430954
307,2.568067320073173,0.10058894970403265,0.2443102564826889
308,2.575968969146855,0.10312693083038882,0.2508380834736115
309,2.5838949306899166,0.10562648682705755,0.2572869854108961
310,2.5918452795090423,0.10804674917739221,0.263550500996367
311,2.599820090641087,0.1104562426721809,0.26980531067211677
312,2.6078194393537872,0.11278744119320705,0.275875420457784
313,2.6158434011464684,0.11511452683374479,0.28195339519568186
314,2.6238920517507593,0.11738824168720585,0.2879102489881673
315,2.631965467131306,0.11962801805888423,0.2937962037329098
316,2.6400637234864894,0.121839068489356,0.29962455513531117
317,2.6481868972491442,0.12400423956475892,0.30534952996772735
318,2.6563350650872795,0.126138387812313,0.3110098190112127
319,2.664508303904803,0.1282384871278308,0.3165969390680772
320,2.6727066908422485,0.1303048177006234,0.32211113684879455
321,2.6809303032775005,0.13233879255903158,0.32755569711645394
322,2.6891792188265273,0.13433794595345683,0.33292351231971185
323,2.6974535153441126,0.13630597706535963,0.3382240152268099
324,2.7057532709245904,0.13824375109600817,0.34345908513760226
325,2.7140785639025817,0.14015054972903362,0.3486263249277928
326,2.7224294728537344,0.14202713614332607,0.353727339449321
327,2.7308060765954645,0.14897799365179676,0.3721883312538965
328,2.7392084541877004,0.14569313754258628,0.36373833355970153
329,2.747636684933629,0.14748340410598693,0.3686497680361478
330,2.756090848380443,0.14924601922447533,0.373500221466746
331,2.7645710243200945,0.1568589486959211,0.39384205678855233
332,2.773077292790045,0.15878140652165817,0.3991651399028151
333,2.781609734074021,0.15437311611335391,0.3876957793922664
334,2.790168428702776,0.16250348002681614,0.40951850466526274
335,2.798753457454845,0.16433199171823487,0.41462819432281095
336,2.80736490135731,0.15926939331356094,0.40137778569520677
337,2.8160028416865637,0.1679595997487502,0.424812754196229
338,2.8246673599690766,0.16967112813543594,0.42963973356466534
339,2.8333585379821686,0.1713994514087911,0.43452916937233677
340,2.8420764577547777,0.17310487317089507,0.4393686565622785
341,2.850821201568235,0.1747868166435611,0.4441562055748176
342,2.8595928519570433,0.17644476790233066,0.44888998239516154
343,2.8683914917096534,0.17807982416015777,0.453572751128303
344,2.877217203869247,0.17969250517861335,0.458205648308722
345,2.886070071734521,0.18128276914963104,0.4627882031124071
346,2.894950178860472,0.18285152336705557,0.46732268622820605
347,2.9038576090591857,0.1843977252558724,0.47180573324397734
348,2.9127924464006276,0.1859230492515751,0.47624185271781694
349,2.9217547752134387,0.1874275408543653,0.4806308486210531
350,2.930744680085728,0.1889112375751696,0.48497249879715687
351,2.939762245865872,0.19037452219322182,0.48926759294102085
352,2.9488075576633177,0.1918178649633222,0.49351718820845836
353,2.9578807008493824,0.19324130429726694,0.49772107698732504
354,2.966981761058062,0.19464539517371793,0.5018805815649374
355,2.976110824186839,0.19603043412143673,0.5059962709295689
356,2.9852679763974908,0.19739661406407794,0.5100684115954599
357,2.9944533041169072,0.1987442079176791,0.5140975125426841
358,3.003666894037901,0.2000734380637641,0.5180839369777379
359,3.0129088331200307,0.20138463514019245,0.5220283785028506
360,3.022179208590419,0.20267810227052374,0.5259314558708554
361,3.031478107944576,0.2039540903842174,0.529793636999518
362,3.040805618947226,0.20521277055803733,0.5336151525232091
363,3.0501618296331348,0.20645447472353773,0.5373967263373656
364,3.0595468283079414,0.20767943133589473,0.5411387744663707
365,3.068960703548992,0.20888788576123796,0.5448417697617978
366,3.078403544206173,0.2100800746506537,0.5485061638853637
367,3.0878754394027537,0.21125623265791282,0.5521324077178127
368,3.0973764785362246,0.2124165852744042,0.5557209291460132
369,3.106906751279142,0.21356137671007547,0.5592722193245536
370,3.1164663475799754,0.21469079460824103,0.5627865990168248
371,3.1260553576639536,0.21580508111336316,0.5662645631669665
372,3.1356738720339203,0.21690445738656794,0.5697065468838385
373,3.1453219814711835,0.21798912337347698,0.5731129237761898
374,3.1549997770363776,0.21905929184405148,0.5764841123918987
375,3.1647073500703184,0.22011516109082918,0.5798204905019027
376,3.174444792194868,0.2211569422554216,0.5831224812098883
377,3.1842121953137967,0.22218481944117707,0.5863904266329245
378,3.194009651613654,0.22319900439147045,0.5896247612872936
379,3.2038372535646364,0.22419967052898926,0.5928258021780461
380,3.21369509392146,0.22518701838399124,0.5959939572443427
381,3.223583265724238,0.22616122307778808,0.599129557463649
382,3.2335018622993545,0.22712246780940548,0.6022329639349269
383,3.2434509772603515,0.22807094065880085,0.6053045579680212
384,3.253430704508807,0.22900680355051684,0.6083446404112305
385,3.2634411382352244,0.22993024264096462,0.6113535948382904
386,3.273482372919921,0.23084142103404837,0.6143317340325181
387,3.283554503333917,0.2317405104500656,0.6172794028720434
388,3.2936576245398337,0.23262766771678023,0.6201969013871425
389,3.3037918318927892,0.2335030629782482,0.623084577257025
390,3.3139572210412993,0.234366852162462,0.6259427352960485
391,3.3241538879281776,0.23521919063535823,0.628771682171676
392,3.334381928791443,0.2360602345925762,0.6315717310668636
393,3.3446414401652285,0.23689014276835607,0.6343432074882782
394,3.354932518880691,0.2377090554719894,0.6370863791160655
395,3.3652552620669267,0.2385171233030885,0.6398015515384758
396,3.3756097671518868,0.2393144992279992,0.6424890420831493
397,3.3859961318632945,0.2401013068494644,0.6451490725495754
398,3.3964144542295736,0.24087769628841937,0.647781957527543
399,3.4068648325807684,0.24164381318339756,0.6503880002076685
400,3.4173473655494737,0.24239978964999187,0.652967461300483
401,3.427862152071767,0.2431457637486698,0.6555206251059329
402,3.4384092913881363,0.24388185854720312,0.6580477278779775
403,3.4489888830444264,0.24460821233229257,0.6605490612761249
404,3.4596010268927704,0.24532494864902965,0.663024869561349
405,3.4702458230925357,0.24603219667066978,0.6654754195449841
406,3.48092337211127,0.24673007785144985,0.6679009544691057
407,3.4916337747256443,0.24741872401332765,0.6703017567875962
408,3.5023771320224117,0.24809824283004867,0.6726780278750684
409,3.5131535453993563,0.2487687537302905,0.6750300129013405
410,3.523963116566251,0.24943039786485732,0.6773580366287779
411,3.53480594754582,0.2500832582384773,0.6796622223071427
412,3.545682140674696,0.25072746317326566,0.6819428554091862
413,3.556591798604394,0.2513631296086136,0.6842001844695176
414,3.5675350243022725,0.25199036153887877,0.6864344149308972
415,3.578511921052512,0.25260928148537243,0.6886458210950459
416,3.5895225924570844,0.25592880978750165,0.7005480652085223
417,3.600567142436733,0.2566860529645021,0.7032724637215704
418,3.6116456752319537,0.25744927206337476,0.7060260218108378
419,3.622758295403979,0.2586441211440087,0.7103522368003883
420,3.6339051078357643,0.2588915249687598,0.711250567140209
421,3.645086217732978,0.260895269154628,0.7185403047577423
422,3.656301730624992,0.264007357319477,0.7299049541745728
423,3.6675517523658834,0.26302616218315733,0.7263368454214971
424,3.678836389135428,0.2636653502103634,0.7286847024554506
425,3.6901557474401048,0.26494205834666706,0.7333859777602709
426,3.701509934114103,0.26819664280397415,0.7453453337247873
427,3.712899056320325,0.2694119994422559,0.7498465279550008
428,3.724323221551403,0.27092024341645304,0.7554577292915654
429,3.7357825376307128,0.2695118352072181,0.7503536150601715
430,3.7472771127133897,0.270482001912016,0.7539841981013149
431,3.758807055287348,0.27156773653891086,0.758059501791033
432,3.7703724741743088,0.2725587210701472,0.7617903701146771
433,3.781973478530825,0.2735968189831999,0.7657102878284499
434,3.7936101778493114,0.27465767340755587,0.7697285311236717
435,3.8052826819590804,0.27868809974980824,0.7846923708806666
436,3.8169911010273716,0.27669849631337673,0.7774944930665808
437,3.8287355455604013,0.28159878297552554,0.7957841908056598
438,3.840516126404399,0.28305201903303656,0.801354719487342
439,3.852332954746656,0.27974693803206163,0.7891844297896553
440,3.8641861421165746,0.2854927469437438,0.8107579164314942
441,3.876075800386717,0.28168762131073866,0.7966837840974572
442,3.888002041773868,0.2826754916559344,0.8005187175361024
443,3.89996497884009,0.28363626681845355,0.8042599659642948
444,3.911964724493785,0.2846008647415039,0.8080276323336952
445,3.924001391990763,0.28553451272334995,0.8116855386078912
446,3.9360750949353056,0.2865009463247379,0.8154835384483736
447,3.948185947281245,0.2874394783361194,0.8191833631517564
448,3.9603340633330357,0.29470999477871107,0.8468129700341664
449,3.9725195577468333,0.29586504077289866,0.8513941023838423
450,3.984742545531578,0.2969836238573811,0.8558444686747344
451,3.9970031420500773,0.29111761237320044,0.8337944660807715
452,4.009301463020099,0.29201889688731386,0.8374024317591091
453,4.021637624515462,0.3002850566154369,0.8690601839007033
454,4.034011742967127,0.2937991524721193,0.844561908072964
455,4.046423935164307,0.30244706811497535,0.8777814746158015
456,4.058874318255551,0.2955521823448717,0.8516553503591915
457,4.071363009749869,0.30458868770661174,0.8864738441039237
458,4.083890127517832,0.305643238301212,0.8907738944719101
459,4.096455789792683,0.30668879225773704,0.8950503816568003
460,4.109060115171457,0.303056402106366,0.8822232522845139
461,4.1217032226160955,0.30875603229436166,0.9035447415021982
462,4.134385231454574,0.30507861477319675,0.8905581206074065
463,4.147106261382028,0.3107907211492622,0.9119568630703991
464,4.159866432461881,0.31179728173319177,0.9161375813749413
465,4.172665865126975,0.31279511264226034,0.9202947984964516
466,4.185504680180712,0.30898547838428847,0.906809527031206
467,4.198382998798192,0.30993643224582423,0.9107958586556921
468,4.211300942527359,0.31574098513366633,0.9326435306023613
469,4.224258633290142,0.31670711552958886,0.9367184442743084
470,4.237256193383614,0.31273208930131036,0.9225870801776417
471,4.250293745481138,0.3186158364733054,0.9448061284787286
472,4.263371412633533,0.31955845439249786,0.9488186834232988
473,4.276489318270227,0.3204932652955548,0.9528102491559496
474,4.28964758620043,0.32142030388906306,0.956780807168635
475,4.302846340614298,0.31721205371910877,0.9417151935152799
476,4.316085706084103,0.3232511527371029,0.9646586125831698
477,4.329365807565415,0.3241550064036427,0.9685657124584277
478,4.342686770398276,0.31979823859387824,0.9528943413434094
479,4.356048720308387,0.32593973418845,0.9763161702841197
480,4.36945178340829,0.32682065391096016,0.9801593915044093
481,4.382896086198563,0.327693986291413,0.9839812344089565
482,4.396381755569009,0.3285597599783019,0.9877816568136075
483,4.409908918799861,0.32941800239181385,0.9915606114227125
484,4.423477703562973,0.3302687578906158,0.9953181261000561
485,4.437088237923038,0.3311120435246684,0.9990541086864682
486,4.450740650338781,0.3263432678035545,0.9816650130968556
487,4.4644350696641855,0.33277635791011284,1.0064614845250337
488,4.4781716251497015,0.3335974574630469,1.0101328583837264
489,4.491950446443469,0.3344112247995179,1.0137826432912187
490,4.505771663592542,0.3352176984710198,1.0174108450502484
491,4.51963540704411,0.33601691421894797,1.0210174575803082
492,4.533541807646736,0.3368089081968022,1.024602477329921
493,4.54749099665159,0.3375937168566543,1.0281659027877363
494,4.561483105713687,0.33837137792098493,1.0317077389355462
495,4.575518266893128,0.33914192836259494,1.0352279880938753
496,4.589596612656346,0.3399054064069791,1.0387266590594855
497,4.6037182758773625,0.3406618504594734,1.0422037622547893
498,4.617883389839033,0.34141129930269476,1.0456593106531844
499,4.632092088234313,0.34215379211078534,1.049093319872963
500,4.646344505167513,0.3428893679931395,1.0525058060867654
501,4.660640775155568,0.3436180680767311,1.0558967957238263
502,4.6749810331293045,0.3443399312481106,1.0592663057106941
503,4.68936541443472,0.3450549984050695,1.0626143632509089
504,4.703794054834251,0.3457633102959732,1.0659409958092347
505,4.718267090508066,0.3464649079329103,1.0692462330537982
506,4.732784658055335,0.3471598325751646,1.0725301068007025
507,4.747346894495537,0.3478481257128829,1.0757926509586058
508,4.761953937269738,0.34852982905165875,1.0790339014765342
509,4.776605924241899,0.349204984494929,1.082253896280366
510,4.791302993700171,0.34987363413782857,1.08545267526292
511,4.806045284358198,0.3505358202352322,1.0886302801499235
512,4.820832935356437,0.35119158520445337,1.0917867545304396
513,4.835666086263458,0.35184097160273087,1.0949221437660446
514,4.850544877077272,0.3524840221151966,1.0980364949491237
515,4.865469448226646,0.35312077954267984,1.101129856859594
516,4.880439940572428,0.3537512867843806,1.1042022798958258
517,4.895456495408882,0.3543755868330747,1.1072538160656256
518,4.910519254465019,0.35499372275577423,1.110284518905656
519,4.925628359905929,0.35560573768363524,1.1132944434449024
520,4.940783954334134,0.3562116748030222,1.1162836461732621
521,4.955986180790921,0.35681157734082336,1.119252184980979
522,4.971235182757704,0.35740548855515497,1.1222001191238835
523,4.986531104157372,0.35799345172436325,1.1251275091794466
524,5.0018740893556455,0.3585755101366723,1.1280344170052938
525,5.0172642831624445,0.3591517070801329,1.1309209056985339
526,5.0327018308332505,0.35238450824026213,1.1044886356479644
527,5.0481868780704815,0.36028668965370914,1.1366328840345574
528,5.063719571024864,0.36084556177286653,1.1394585057140278
529,5.079300056296813,0.3613987453832397,1.14226397225846
530,5.09492848093782,0.36194628363174086,1.1450493523800114
531,5.110604992451829,0.35495740658657304,1.1175363518207242
532,5.126329738796645,0.36302459635133877,1.150560133228
533,5.142102868385319,0.3635554568129722,1.1532856762988233
534,5.15792453008755,0.3640808438785186,1.1559914175674022
535,5.173794873231098,0.36460080034573217,1.158677430461545
536,5.189714047603179,0.36511536892048757,1.1613437892525655
537,5.205682203451893,0.3656245922100272,1.1639905690237893
538,5.221699491487636,0.36612851271642377,1.1666178456397502
539,5.2377660628845195,0.366627172830293,1.169225695716106
540,5.253882069281805,0.3671206148247288,1.1718141965902338
541,5.270047662785324,0.36760888084945753,1.1743834262925155
542,5.286262995968927,0.3680920129252194,1.176933463518291
543,5.302528221875913,0.3685700529383529,1.1794643876004676
544,5.318843494020478,0.36904304263559107,1.1819762784827823
545,5.3352089663891675,0.3695110236190615,1.1844692166937079
546,5.351624793442318,0.3699740373414826,1.186943283320978
547,5.36809113011553,0.3704321251015492,1.1893985599867387
548,5.384608131821119,0.3708853280395499,1.1918351288235087
549,5.401175954449591,0.3713336871329309,1.1942530724494704
550,5.417794754371105,0.3717772431926223,1.1966524739475293
551,5.434464688436952,0.37221603685875837,1.1990334168406902
552,5.45118591398104,0.3726501085971563,1.201395985071197
553,5.467958588821375,0.37307949869571333,1.2037402629789367
554,5.484782871261549,0.37350424726101883,1.2060663352806045
555,5.50165892009224,0.37392439421510915,1.2083742870494019
556,5.518586894592699,0.3743399792923814,1.21066420369524
557,5.5355669545322685,0.3747510420366513,1.2129361709454731
558,5.55259926017188,0.37515762179835366,1.2151902748261105
559,5.569683972265571,0.375559757731885,1.2174266016435322
560,5.586821252061999,0.3759574887930772,1.2196452379666742
561,5.604011261305964,0.37635085373680677,1.2218462706096835
562,5.62125416223994,0.3767398911147297,1.2240297866150318
563,5.638550117605599,0.37712463927313467,1.2261958732370721
564,5.655899290645355,0.3775051363509314,1.2283446179260458
565,5.673301845103895,0.37788142027773675,1.2304761083125024
566,5.6907579452297306,0.3782535287720883,1.232590432192143
567,5.70826775577675,0.3786214993397594,1.234687677511083
568,5.725831442005769,0.3789853692721874,1.2367679323515008
569,5.743449169686091,0.37934517564499726,1.2388312849176837
570,5.761121105097076,0.37970095531663284,1.2408778235224556
571,5.7788474150297,0.38005274492707875,1.2429076365739762
572,5.796628266788142,0.38040058089668194,1.2449208125629059
573,5.814463828191354,0.3807444994250595,1.246917440049925
574,5.832354267574647,0.381084536490095,1.2488976076535943
575,5.850299753791285,0.38142072784702696,1.2508614040385755
576,5.868300456214066,0.38175310902760495,1.2528089179041502
577,5.8863565447369375,0.3820817153393481,1.2547402379730905
578,5.904468189776584,0.3824065818648563,1.2566554529808276
579,5.922635562274048,0.38272774346121374,1.2585546516649342
580,5.940858833696337,0.3830452347594573,1.2604379227549039
581,5.959138176038039,0.38335909016411773,1.262305354962229
582,5.977473761822952,0.3836693438528249,1.2641570369707522
583,5.995865764105712,0.38397602977598333,1.2659930574273064
584,6.014314356473422,0.384279181656507,1.2678135049326216
585,6.032819713047296,0.3845788329896147,1.269618468032497
586,6.051382008484291,0.38487501704268823,1.2714080352092252
587,6.070001417978772,0.38516776685518384,1.2731822948732803
588,6.088678117264153,0.3854571152386015,1.274941335355236
589,6.10741228261456,0.3857430947764988,1.2766852448979302
590,6.126204090846498,0.38602573782457217,1.2784141116488608
591,6.145053719320507,0.38630507651077006,1.280128023652807
592,6.163961345942854,0.3865811427354624,1.2818270688446711
593,6.182927149167201,0.3868539681716576,1.2835113350425367
594,6.201951307996288,0.38712358426525495,1.2851809099409335
595,6.221034001983631,0.3873900222353497,1.286835881104305
596,6.2401754112352075,0.38765331307457007,1.2884763359606801
597,6.259375716411163,0.38791348754946253,1.2901023617955316
598,6.27863509872751,0.3881705762009027,1.2917140457458274
599,6.297953739957849,0.3919948588511619,1.3153400219959885
600,6.31733182243507,0.39251108894583364,1.3185963009742585
601,6.336769529053082,0.388923629248076,1.29646391531157
602,6.356267043268539,0.3891686755177819,1.2980190999250223
603,6.375824549102571,0.38941078530052486,1.2995603759154268
604,6.39544223114252,0.3944573357278385,1.3309671888636951
605,6.415120274543678,0.3898863119737115,1.3026015463653104
606,6.4348588650310425,0.39011978659462887,1.3041016125260334
607,6.454658188901065,0.3903504401908988,1.3055881134571095
608,6.474518433023407,0.39057830107706426,1.307061134521107
609,6.494439784842714,0.3908033973487077,1.3085207608776968
610,6.514422432380367,0.3910257568832276,1.3099670774796015
611,6.534466564236274,0.3912454073406273,1.311400169068681
612,6.554572369590642,0.39810022922905475,1.354549449871974
613,6.574740038205762,0.39853238505887667,1.3573863937598911
614,6.594969760427809,0.3989594238480807,1.3601983718175903
615,6.615261727188618,0.39938150701234076,1.362986269478529
616,6.635616130007511,0.3923039764574523,1.3183702025588737
617,6.656033160993089,0.4002108700725733,1.3684895469312883
618,6.6765130128450485,0.40061826579395277,1.3712053477317407
619,6.697055878856005,0.4010208896548575,1.3738975963689264
620,6.717661952913304,0.4014187865881915,1.3765664237204536
621,6.738331429500871,0.4018119995086047,1.3792119488767784
622,6.75906450370103,0.4022005867117122,1.381834396557809
623,6.7798613711963505,0.39367968001536324,1.327596259746063
624,6.800722228271502,0.3938665321771222,1.3288650353533693
625,6.821647271815087,0.39405104016368053,1.3301217482830183
626,6.842636699321523,0.39423322848143805,1.3313664797229916
627,6.863690708892891,0.4040758494422989,1.3946062973494764
628,6.884809499240808,0.39459074312502973,1.3338203215920652
629,6.9059932696883095,0.3947661174556718,1.3350295930969525
630,6.927242220171715,0.40514862675730634,1.4020033418482727
631,6.948556551242534,0.40549777298149214,1.4044256739122163
632,6.969936464069348,0.39527899232682606,1.3385877707922025
633,6.991382160439709,0.3954456122699155,1.3397508831062424
634,7.01289384276205,0.3976703269385866,1.3547525671104452
635,7.034471714067586,0.40685334619232494,1.4139025992606242
636,7.056115978012241,0.40718220974494734,1.4162195306845682
637,7.077826838878561,0.3960910101370321,1.3442907043277361
638,7.099604501577651,0.3962472012992959,1.345397894512228
639,7.1214491716511,0.3964013733405607,1.3464941344311832
640,7.143361055272923,0.39655354803037346,1.347579501485909
641,7.165340359251514,0.3967037469509953,1.3486540727955443
642,7.18738729103159,0.40907446992052354,1.4296938608369707
643,7.209502058696153,0.3969983028839801,1.3507711352378164
644,7.2316848709684525,0.4096753984218282,1.4340262092788993
645,7.253935937213951,0.4099704534848436,1.436163228853028
646,7.276255467442311,0.3974258474261403,1.3538676724327314
647,7.2986436723093675,0.4105499426754917,1.4403796945059544
648,7.321100763119119,0.3977015919543021,1.3558802093009368
649,7.343626951825726,0.4111155290364574,1.4445203642171913
650,7.3662224510355,0.397970097428747,1.3578519895223478
651,7.388887474008925,0.41166751698101,1.4485863858803898
652,7.411622234662661,0.41193850493048156,1.4505917579271317
653,7.434426947571564,0.41220620455193435,1.4525788910227928
654,7.457301827970714,0.4124706521283823,1.4545479241012031
655,7.480247091757441,0.4127318835620559,1.4564989951110823
656,7.503262955493371,0.41298993437859477,1.4584322410251656
657,7.526349636406462,0.41324483973119497,1.460347797849203
658,7.549507352393061,0.41349663440469664,1.4622458006308454
659,7.572736322019955,0.4137453528196253,1.4641263834684077
660,7.596036764526431,0.4139910290361777,1.4659896795195215
661,7.61940889982636,0.41423369675815835,1.467835821009671
662,7.6428529485102565,0.4144733893368646,1.4696649392406156
663,7.666369131847367,0.41471013977492843,1.4714771645987021
664,7.689957671787764,0.4149439807300994,1.473272626563066
665,7.713618790964423,0.41517494451899206,1.4750514537137254
666,7.737352712695348,0.39987602149383084,1.372229409284736
667,7.761159660985659,0.41562836818082394,1.4785597134462316
668,7.785039860529719,0.41585089101431905,1.4802893987638848
669,7.808993536713249,0.4001891111570983,1.3746630142323817
670,7.83302091561545,0.4002905995107324,1.3754567519157241
671,7.857122224011151,0.41650207442877374,1.4853821747128289
672,7.881297689372938,0.41671377502756624,1.4870480845331726
673,7.905547539873303,0.42102473311974364,1.5178064838375975
674,7.929872004386801,0.41712931419057675,1.4903331121934544
675,7.954271312492203,0.4007772181838636,1.3792975261041354
676,7.978745694474674,0.4217701409321999,1.5237264138088735
677,8.003295381327936,0.4177334043830272,1.4951454739427394
678,8.027920604756453,0.41792975713078784,1.4967193542855206
679,8.052621597177618,0.4181236513126887,1.4982783098145402
680,8.077398591723945,0.40123058735108597,1.3829312558735625
681,8.102251822245268,0.41850417416403385,1.501351909629058
682,8.127181523310956,0.4186908572109964,1.5028667835619407
683,8.152187930212113,0.40610483524033913,1.4180876441786978
684,8.177271278963817,0.41905720037769534,1.505853247810241
685,8.202431806307326,0.41923691319648615,1.5073250631697723
686,8.22766974971233,0.41941435484893486,1.508782749458746
687,8.252985347379187,0.41958955100485573,1.51022641732304
688,8.278378838241169,0.41976252706727335,1.5116561766688272
689,8.303850461966718,0.4068135028702853,1.4239177642224978
690,8.329400458961704,0.42010191920648454,1.514474405767112
691,8.355029070371707,0.4021202516235711,1.3902369470383664
692,8.380736538084278,0.4204327292600838,1.5172383014332642
693,8.40652310473123,0.4205949767560244,1.5186001413020984
694,8.43238901369093,0.42075515112775674,1.5199487168829777
695,8.458334509090584,0.40240990085277595,1.3926717625093448
696,8.484359835808554,0.4210693746997638,1.522606494046339
697,8.510465239476668,0.42122347038959607,1.523915903330754
698,8.536650966482531,0.4213755859393664,1.5252124637416737
699,8.562917263971858,0.4215257439940956,1.5264962774229776
700,8.589264379850796,0.42167396697447534,1.5277674459407393
701,8.615692562788276,0.4270163253181436,1.5671473270968392
702,8.642202062218356,0.4219646961205701,1.5302722494552985
703,8.668793128342571,0.4221072459718731,1.5315060842618333
704,8.6954660121323,0.4222360986116498,1.532624677434805
705,8.722220965331129,0.4223868236796837,1.533937114013604
706,8.749058240457233,0.4225238938504434,1.535134504669521
707,8.775978090805754,0.42265917940852393,1.5363199419171376
708,8.8029807704512,0.422792700964282,1.5374935220156176
709,8.830066534249829,0.4229244789133517,1.5386553405939536
710,8.857235637842066,0.40337697232895353,1.4010384912933185
711,8.884488337654913,0.4231828845133996,1.5409440725824044
712,8.91182489090437,0.4233095519015082,1.5420711741400874
713,8.939245555597859,0.4234345551614247,1.5431868904815356
714,8.966750590536662,0.4235579136473375,1.544291314151634
715,8.994340255318361,0.423679646511411,1.5453845370914132
716,9.022014810339291,0.4237997727058167,1.54646665064225
717,9.049774516797,0.4239183109847424,1.547537745550007
718,9.077619636692704,0.4240352799063851,1.548597911969139
719,9.105550432833779,0.42415069783490944,1.5496472394667324
720,9.133567168836212,0.4242645829423981,1.550685817026506
721,9.161670109127119,0.43016876166776674,1.5951225666415072
722,9.189859518947225,0.430305917763822,1.5963810735005786
723,9.21813566435337,0.4245972202184194,1.5537379312481354
724,9.246498812221022,0.43057487731540567,1.5988603496059848
725,9.274949230246788,0.42481163898169405,1.5557205298458865
726,9.303487186950953,0.4308368346926812,1.6012899619290615
727,9.332112951680005,0.425020346701354,1.55766221561308
728,9.360826794609185,0.4251226010100586,1.5586179283610393
729,9.389628986745029,0.4312169882618173,1.6048429555557746
730,9.418519799927923,0.4313403751067968,1.6060032897564684
731,9.447499506834687,0.42542116354354054,1.5614255513006643
732,9.476568380981126,0.42551800486382163,1.5623418632393822
733,9.50572669672463,0.4256135329669284,1.5632485306751538
734,9.53497472926675,0.4257077635283075,1.564145634818208
735,9.564312754655798,0.43193317672795617,1.611629224008307
736,9.593741049789463,0.4258923939024992,1.5659114754259604
737,9.62325989241741,0.4259828242459158,1.5667803716798556
738,9.652869561143913,0.4322702114946202,1.614867529749408
739,9.682570335430475,0.4261599903655984,1.568490511662506
740,9.712362495598471,0.42624675571406456,1.5693319120752833
741,9.742246322831795,0.4263323287089982,1.5701643030401853
742,9.772222099179508,0.42641672374768214,1.570987761626557
743,9.802290107558509,0.4264999550746107,1.5718023644001853
744,9.832450631756197,0.4329045514651797,1.6210467392505163
745,9.862703956433148,0.42666298281621806,1.5734053062724964
746,9.893050367125813,0.42674280696935063,1.5741937960117727
747,9.923490150249203,0.4332027699357228,1.6239924185796513
748,9.954023593099592,0.4268991440825518,1.5757451860054534
749,9.984650983857243,0.42697568390401286,1.5765082339584189
750,10.015372611589097,0.43348894018510187,1.6268452624361533
751,10.046188766251543,0.4271255721583127,1.5780094013943409
752,10.07709973869312,0.433673236359986,1.6286967132511743
753,10.108105820657268,0.4272712916953023,1.5794778127676268
754,10.13920730478511,0.42734262010075286,1.5801999138608855
755,10.170404484618166,0.42925632194498853,1.5957774772856457
756,10.201697654601176,0.43402681561987966,1.6322815446944117
757,10.233087110084833,0.42755062974747404,1.5823186463457333
758,10.26457314732859,0.42761801529390775,1.583009266298585
759,10.296156063503478,0.42768444543705453,1.5836921893549323
760,10.327836156694861,0.43436116339134,1.635713306149383
761,10.359613725905302,0.42781448684140577,1.585035218075308
762,10.391489071057343,0.4278781214476064,1.5856954592543968
763,10.423462492996356,0.43459985225844777,1.6381897599733342
764,10.455534293493395,0.4346771894763606,1.6389971181684053
765,10.487704775248005,0.4280636183144013,1.5876318937177174
766,10.519974241891129,0.42812368574022885,1.5882628294839174
767,10.552342997987926,0.4281828891571924,1.5888866032694275
768,10.584811349040672,0.4282412394387394,1.5895032799443176
769,10.617379601491653,0.42829874733983786,1.590112923943208
770,10.650048062726018,0.42427649097330544,1.592229280860869
771,10.682817041074731,0.43518875395970613,1.6444027552430582
772,10.715686845817437,0.4284663225568859,1.5919002977456558
773,10.748657787185401,0.43532572330459396,1.6458704564783924
774,10.781730176364444,0.4353927383871061,1.6465918836017222
775,10.814904325497858,0.4354587899058866,1.6473051256482614
776,10.84818054768938,0.4286785950556409,1.5941888391051844
777,10.881559157006112,0.42873034461535364,1.5947510949975507
778,10.915040468481513,0.43565128208207504,1.6493964628868334
779,10.948624798118374,0.4288297790667748,1.5958364354811527
780,10.98231246289177,0.4357750083679739,1.650751077406077
781,11.016103780752093,0.4289268944785438,1.5969029727124504
782,11.04999907062802,0.43589515992759265,1.6520746616288422
783,11.083998652429528,0.4290211584230761,1.5979445749261547
784,11.118102847050944,0.4360118260812147,1.6533677716218325
785,11.152311976373921,0.4360688795253447,1.6540030706498752
786,11.186626363270532,0.4361250942580599,1.6546309564969293
787,11.221046331606274,0.43618048091810313,1.6552514967237886
788,11.255572206243139,0.42924733554716665,1.6004704579135713
789,11.290204313042697,0.4362888120062922,1.6564708084204969
790,11.324942978869139,0.4363417771461444,1.6570697128770564
791,11.359788531592399,0.4293718218160545,1.601878476746289
792,11.394741300091214,0.4294753747764781,1.6030420310974356
793,11.429801614256242,0.4294522149944855,1.6027946791066152
794,11.464969804993192,0.4294918346083134,1.603248217978563
795,11.500246204225915,0.4295308534219122,1.6036962536131032
796,11.535631144899572,0.43664339736946345,1.6605167426523504
797,11.571124960983742,0.4366910638614432,1.6610674490828754
798,11.606727987475587,0.43673801200669216,1.6616115251409591
799,11.642440560403042,0.43678425114230746,1.6621490333506719
800,11.678263016827929,0.42976637238893556,1.606412869005373
801,11.714195694849202,0.4368746392231011,1.6632045942732252
802,11.750238933606084,0.4298017156876135,1.606841285059449
803,11.786393073281292,0.42986502287329165,1.6075758300885685
804,11.822658455104266,0.42985626994010184,1.6074896261087512
805,11.859035421354342,0.4298897036758671,1.607885507963836
806,11.895524315364039,0.43708883591457726,1.6657328573755787
807,11.932125481522249,0.4371297270413155,1.6662200247835186
808,11.968839265277511,0.4300165125815343,1.6093847039200964
809,12.005666013141287,0.43720962926066864,1.6671763478827426
810,12.042606072691191,0.4372486569727583,1.667645620159353
811,12.07965979257432,0.4300905884659014,1.6102855743629256
812,12.116827522510494,0.4373249064565814,1.6685666746721408
813,12.15410961329559,0.4373621442962643,1.6690185711333463
814,12.191506416804852,0.43739880142951804,1.6694647892303711
815,12.229018285996188,0.4301966748572812,1.6115808940378937
816,12.266645574913536,0.4302248470790617,1.6119259066114326
817,12.304388638690169,0.43025244326226453,1.6122649751837415
818,12.342247833552067,0.43027966720209854,1.6126004619346574
819,12.380223516821292,0.4303064548786846,1.6129315900403147
820,12.418316046919326,0.4376069806204703,1.672025968899561
821,12.456525783370488,0.4303587581239734,1.6135810985812513
822,12.494853086805302,0.4376720719381313,1.6728367685686898
823,12.533298318963908,0.4304094002755925,1.6142138553428842
824,12.571861842699496,0.43773510907954005,1.6736268201088693
825,12.610544021981692,0.4304668069624016,1.6149300626226466
826,12.649345221900036,0.43048234962725096,1.6151323432002092
827,12.688265808667392,0.4305058848424048,1.615430504783224
828,12.727306149623416,0.4378552437082843,1.6751463533670932
829,12.766466613238048,0.43788407951799746,1.6755139183371077
830,12.805747569114938,0.43791244944584173,1.6758766574730406
831,12.845149387994994,0.43164192538048063,1.6280845114934508
832,12.884672441759829,0.4379678175552997,1.6765878583122602
833,12.924317103435294,0.43799482849772575,1.6769364191383165
834,12.96408374719502,0.43802139908133775,1.6772803523785185
835,13.003972748363896,0.4380475355008808,1.6776197066882663
836,13.043984483421674,0.43807324387809987,1.6779545303629833
837,13.084119330006468,0.4307324382318498,1.6183405487181424
838,13.124377666918344,0.4381234006317638,1.6786107771971828
839,13.16475987412291,0.4308843874125474,1.620220994645489
840,13.205266332754857,0.4381719168827609,1.6792494720959341
841,13.245897425121615,0.43079821564417053,1.619217096287082
842,13.286653534706907,0.4382188390476518,1.679870988600269
843,13.327535046174392,0.43824171655098043,1.6801754201452397
844,13.368542345371313,0.43085183362293256,1.6199311046694511
845,13.409675819332099,0.4382863322122055,1.6807718571416261
846,13.450935856282062,0.4383080812948701,1.6810639524784787
847,13.49232284564102,0.43090328896287033,1.6206221401871759
848,13.533837178026992,0.43835048878310623,1.681636118951987
849,13.575479245259904,0.4309774101197039,1.6215793332631048
850,13.617249440365239,0.43839147703847137,1.6821925453163864
851,13.659148157577802,0.4384114518411113,1.6824649642374554
852,13.701175792345392,0.438431087174588,1.6827335773884233
853,13.743332741332557,0.4384503880220778,1.6829984271505403
854,13.78561940242436,0.43846935930551156,1.6832595555692869
855,13.82803617473008,0.4384880058861804,1.6835170043557315
856,13.870583458587022,0.4385063325653391,1.683770814887884
857,13.913261655564297,0.43325886455044404,1.6417220859744808
858,13.95607116846657,0.4310973149137656,1.6232546266979428
859,13.99901240133792,0.4385594403182056,1.6845108257713666
860,14.0420857594656,0.43857653422386966,1.6847504904528798
861,14.085291649383889,0.4385933313544268,1.6849867188218894
862,14.128630478877943,0.438609836163264,1.6852195502866458
863,14.172102656987601,0.4311370328614048,1.6238510143372622
864,14.215708594011298,0.4311770587574886,1.6243798131627714
865,14.259448701509887,0.43116191773860946,1.6242047646423825
866,14.303323392310547,0.4386734580746161,1.6861238634269158
867,14.347333080510706,0.4312276514994213,1.6250828190434652
868,14.391478181481885,0.4387029686695745,1.6865473703583698
869,14.435759111873692,0.43871754729111023,1.6867574999224553
870,14.48017628961769,0.43873186725032287,1.6869645363173518
871,14.524730133931374,0.4387459325169156,1.687168516089265
872,14.569421065322146,0.43875974700955656,1.6873694754733135
873,14.614249505591227,0.4387733145964048,1.6875674503949183
874,14.659215877837703,0.43878663909563387,1.6877624764712003
875,14.70432060646247,0.4387997242759485,1.687954589012375
876,14.74956411717225,0.4388125738570956,1.6881438230231525
877,14.794946836983645,0.43882519151038,1.688330213204138
878,14.840469194227103,0.43883758085916136,1.6885137939532369
879,14.886131618551026,0.4388497454793654,1.6886945993670575
880,14.931934540925775,0.4388616888999741,1.688872663242326
881,14.977878393647758,0.4335648234952727,1.6461283304842904
882,15.023963610343529,0.43165712109104093,1.630892225370743
883,15.070190625973833,0.43889622656028116,1.6893907391354157
884,15.116559876837767,0.43136362079921464,1.6271544163970444
885,15.163071800576855,0.43891820829949246,1.6897230216116912
886,15.209726836179184,0.43892889606418395,1.6898853293713194
887,15.256525423983588,0.44118338912816135,1.7096742354385803
888,15.303468005683737,0.43894968145420377,1.6902024366207906
889,15.350555024332376,0.4389597853786955,1.6903572987207882
890,15.397786924345446,0.4389697009183464,1.6905097410673224
891,15.445164151506312,0.4314173539327659,1.62798195194778
892,15.492687152969976,0.4336664663670593,1.647675855666892
893,15.540356377267264,0.4389983474659549,1.6909528540897352
894,15.588172274309104,0.4390075394993771,1.6910959205177536
895,15.636135295390728,0.43144473735722966,1.6284115562626122
896,15.684245893195953,0.4390254056948164,1.691375273738776
897,15.732504521801474,0.43145856300943053,1.6286283973010751
898,15.780911636681095,0.43146528043327415,1.6287342411861832
899,15.829467694710095,0.4314718704707079,1.628838397384679
900,15.87817315416948,0.43147833524473445,1.628940888166418
901,15.927028474750337,0.43906718020379265,1.692035452004044
902,15.976034117558191,0.4390750610976555,1.6921611636046956
903,16.025190545117304,0.4390827900897807,1.692284831497118
904,16.074498221375112,0.43150298311624624,1.629334634708692
905,16.123957611706523,0.43909780250010977,1.6925261440050774
906,16.173569182918367,0.43910509089505134,1.6926438418860936
907,16.2233334032538,0.43911223734252736,1.692759602592763
908,16.273250742396684,0.43911924424379367,1.6928734521059856
909,16.32332167147607,0.43912611396596657,1.6929854161485653
910,16.37354666307059,0.43379346227716753,1.6496955795938837
911,16.423926191212963,0.439139451173149,1.6932037894313299
912,16.474460731394462,0.431546874545204,1.630048679583566
913,16.525150760569364,0.43155189080762635,1.6301314464540397
914,16.575996757159515,0.43915848539868985,1.6935178367181591
915,16.626999201058787,0.4391645798926922,1.6936190138473879
916,16.678158573637617,0.4391705528538441,1.6937184784623134
917,16.72947535774761,0.4391764063898913,1.6938162542738968
918,16.780950037725997,0.4391821425778253,1.6939123647482546
919,16.832583099400306,0.43918776346424293,1.694006833108131
920,16.88437503009287,0.43919327106570183,1.6940996823343801
921,16.936326318625454,0.43919866736907687,1.6941909351674411
922,16.988437455323904,0.43159411409443815,1.6308350917099972
923,17.040708932022703,0.4392091338827395,1.694368741422566
924,17.09314124206969,0.43921420792148846,1.6944553391367558
925,17.145734880330654,0.43921917831975765,1.6945404290449695
926,17.198490343194024,0.4392240469211912,1.6946240327077753
927,17.251408128575587,0.4392288155418036,1.694706171454208
928,17.30448873592313,0.4381202785857641,1.6851933061979802
929,17.357732666221214,0.4392380599684693,1.6948661383653214
930,17.411140421995846,0.439242539271385,1.694944008043742
931,17.464712507319245,0.43924692558785106,1.6950204958362352
932,17.51844942781464,0.43163029995595403,1.6314632367956605
933,17.572351690660962,0.4392554259669399,1.6951694063151697
934,17.626419804597703,0.43925954331842876,1.6952418687223516
935,17.68065427992967,0.431640119712297,1.6316360505759866
936,17.73505562853182,0.4392675203790868,1.695382905524158
937,17.789624363854113,0.43927138322772286,1.6954515183258727
938,17.8443610009263,0.43927516434111324,1.6955188859731352
939,17.89926605636286,0.433923331604555,1.6519099691938377
940,17.954340048367797,0.439282487376794,1.6956499602567434
941,18.00958349673959,0.4392860322478538,1.6957137035900818
942,18.064996922876087,0.4316607628847271,1.632004890457351
943,18.120580849779387,0.4392928958957709,1.6958376928101289
944,18.176335802060844,0.4392962174845563,1.6958979741422868
945,18.232262305945955,0.4392994674208408,1.6959571365770156
946,18.288360889279353,0.4393026470555028,1.6960151973255233
947,18.34463208152981,0.43930575771789093,1.696072173397059
948,18.401076413795177,0.43930880071609746,1.6961280816003919
949,18.457694418807478,0.4393117773372359,1.696182938545274
950,18.514486630937856,0.43931468884770886,1.6962367606439135
951,18.57145358620166,0.43931753649347405,1.6962895641124394
952,18.628595822263513,0.43932032150031586,1.6963413649723718
953,18.685913878442342,0.4393230450741039,1.6963921790520793
954,18.743408295716538,0.4393257084010531,1.6964420219882506
955,18.80107961672898,0.4393283126479839,1.69649090922735
956,18.85892838579221,0.43933085896257706,1.6965388560270778
957,18.916955148893575,0.43933334847362526,1.6965858774578317
958,18.975160453700333,0.4393357822912862,1.6966319884041587
959,19.03354484956488,0.43933816150732463,1.6966772035662123
960,19.09210888752989,0.43934048719536767,1.6967215374612026
961,19.150853120333522,0.43934276041113685,1.6967650044248497
962,19.209778102414678,0.43170516839058637,1.6328303892057303
963,19.26888438991817,0.43934715356068854,1.6968493940022131
964,19.328172540700045,0.4317086242045147,1.6328969774571207
965,19.387643114332768,0.43935134905284645,1.6969304834091867
966,19.447296672110557,0.4317119277538226,1.6329610241113859
967,19.507133777054687,0.4393553547132205,1.697008380945232
968,19.56715499391876,0.439357288729632,1.6970461658478155
969,19.627360889194083,0.4393591781035182,1.6970831921443972
970,19.68775203111497,0.43171810177021674,1.633081821545031
971,19.748328989664135,0.43171955920595906,1.6331105591308956
972,19.809092336578075,0.4393645873438612,1.6971898462357908
973,19.87004264535243,0.43936630704434676,1.6972239641161353
974,19.931180491247456,0.4393679864742739,1.6972573855694428
975,19.992506451293387,0.4393696264629521,1.6972901225415198
976,20.054021104295916,0.4393712278251547,1.6973221868181412
977,20.11572503084168,0.43937279136132323,1.6973535900264622
978,20.17761881330368,0.4393743178577749,1.6973843436364229
979,20.23970303584685,0.43937580808689924,1.6974144589621516
980,20.301978284433503,0.43937726280736333,1.6974439471633587
981,20.36444514682889,0.4393786827643049,1.697472819246737
982,20.42710421260677,0.4393800686895324,1.6975010860673518
983,20.48995607315494,0.4284859381696713,1.645477418797866
984,20.553001321680835,0.43938926424126645,1.6976693055856964
985,20.616240553217114,0.4393840293970568,1.6975823612579655
986,20.679674364627274,0.4393852862535734,1.697608312594121
987,20.74330335461133,0.4393865125441234,1.6976337107168749
988,20.807128123711383,0.4393877089245073,1.6976585656005458
989,20.87114927431737,0.43186031416819337,1.6353524160307213
990,20.935367410672693,0.43939001444194403,1.6977066832459267
991,20.99978313887993,0.4393911249834279,1.6977299684385805
992,21.064397066906608,0.43939220804340406,1.6977527472897262
993,21.12920980459085,0.43174434500184566,1.6336154855446507
994,21.194221963647234,0.4393942943258704,1.6977968277242597
995,21.25943415767247,0.43939529871001515,1.6978181474592076
996,21.32484700215124,0.43174682500105455,1.6336681252292966
997,21.390461114462042,0.43939723278693554,1.6978593903472408
998,21.45627711388292,0.43939816357699857,1.6978793308605789
999,21.52229562159741,0.4393990709156821,1.6978988287784704
1000,21.588517260700346,0.43174993346539225,1.633734390941517
1001,21.654942656203726,0.431750573802554,1.6337486722994552
1002,21.72157243504269,0.4416860877151745,1.7182757341676087
1003,21.788407226081333,0.43940247606600136,1.6979725598015365
1004,21.85544766011874,0.4394032737939395,1.6979899676334023
1005,21.922694369894863,0.4394040510611099,1.6980069811629712
1006,21.99014799009651,0.4394048083327329,1.698023608013479
1007,22.057809157363398,0.43940554606493376,1.6980398556899936
1008,22.125678510294048,0.43940626470489375,1.6980557315806868
1009,22.19375668945194,0.43940696469099083,1.6980712429581113
1010,22.262044337371446,0.4394076464529393,1.6980863969804607
1011,22.330542098563953,0.43940831041193507,1.6981012006928353
1012,22.399250619523958,0.43940895698079085,1.6981156610284933
1013,22.46817054873511,0.43177658439471966,1.634205882705826
1014,22.537302536676414,0.43941019955823535,1.698143578750978
1015,22.60664723582829,0.4394107963517606,1.6981570494563312
1016,22.676205300678763,0.43941182696593084,1.6981784494537662
1017,22.745977387729674,0.4394119428517145,1.698183047048136
1018,22.815964155502808,0.4394124932963932,1.6981955866155087
1019,22.886166264546183,0.43941302901719004,1.6982078283116353
1020,22.956584377440223,0.4394135503646419,1.6982197782195316
1021,23.027219158804023,0.43176163980639637,1.6339951806732913
1022,23.09807127530168,0.43176205778327637,1.634004820253679
1023,23.16914139564849,0.4394150315648837,1.698253936539017
1024,23.240430190617364,0.43941549878194763,1.6982647781258529
1025,23.31193833304505,0.4394159532726176,1.69827535685121
1026,23.383666497838554,0.43941639534596955,1.6982856782110536
1027,23.455615361981526,0.43176399061961046,1.6340498021127616
1028,23.52778560454057,0.43941724344462973,1.6983055703505523
1029,23.60017790667174,0.4394176500560365,1.6983151516580939
1030,23.672792951626903,0.4285227170060364,1.6462765232289904
1031,23.745631424760212,0.4394184298218333,1.6983336103896376
1032,23.818694013534607,0.43941880352564566,1.6983424978032262
1033,23.891981407528228,0.43941916679987125,1.6983511637628441
1034,23.96549429844102,0.43941951990466044,1.6983596130466052
1035,24.039233380101166,0.4394198630945234,1.6983678503479513
1036,24.11319934847168,0.43942019661843856,1.6983758802767572
1037,24.18739290165702,0.4394205207199442,1.6983837073604215
1038,24.26181473990957,0.439420835637242,1.6983913360449587
1039,24.336465565636367,0.43942114160329204,1.698398770696076
1040,24.41134608340564,0.43942143884591056,1.6984060156002447
1041,24.486456999953482,0.4317682109340162,1.6341508151918815
1042,24.56179902419058,0.43176845532509933,1.634156808623158
1043,24.637372867208807,0.4394222804361476,1.698426653529594
1044,24.713179242288028,0.43942254496359157,1.6984331807631399
1045,24.789218864902757,0.4340550543016013,1.6545269293346743
1046,24.865492452728937,0.4394230512425952,1.6984457306651797
1047,24.94200072565076,0.43942329338742026,1.6984517609280927
1048,25.018744405767364,0.43942352845720634,1.6984576330096688
1049,25.095724217399756,0.4394237566375665,1.698463350530307
1050,25.17294088709756,0.4394239781098548,1.6984689170414908
1051,25.250395143645907,0.43942419305125147,1.698474336026768
1052,25.328087718072354,0.43942440163483987,1.6984796109027374
1053,25.4060193436537,0.43942460402968897,1.6984847450200204
1054,25.484190755922995,0.43942480040092957,1.6984897416642268
1055,25.562602692676414,0.43177108416707366,1.6342226047948392
1056,25.64125589398023,0.4394251757138825,1.6984993353565274
1057,25.720151102177873,0.439425354966855,1.6985039386593577
1058,25.79928906189681,0.43942552881888997,1.6985084170004618
1059,25.878670520055703,0.44171217790484785,1.7188812722146962
1060,25.958296225871358,0.439425860902952,1.6985170106371064
1061,26.038166930865827,0.4394260194177215,1.6985211317048963
1062,26.11828338887356,0.4394261730971729,1.6985251393572665
1063,26.198646356048407,0.43942632207432886,1.6985290363368386
1064,26.27925659087088,0.43942646647898864,1.6985328253304328
1065,26.360114854155196,0.43942660643780096,1.6985365089699451
1066,26.44122190905652,0.43177266339518905,1.6342636271893105
1067,26.522578521078195,0.4394268735090954,1.6985435704448792
1068,26.604185458078877,0.439427000859687,1.6985469532772368
1069,26.68604349027989,0.4394271242407708,1.698550240751078
1070,26.768153390272392,0.43942724376418174,1.6985534352365248
1071,26.85051593302473,0.4394273595389733,1.698556539053859
1072,26.933131895889773,0.44171409169705145,1.7189317320739088
1073,27.016002058612155,0.43942758026536466,1.6985624837209976
1074,27.099127203335758,0.43942768542169386,1.6985653289694729
1075,27.182508114610993,0.43942778723897824,1.698568092348768
1076,27.266145579402234,0.4394278858132299,1.6985707759420534
1077,27.350040387095298,0.44171464036671737,1.718946620448186
1078,27.4341933295048,0.43942807360454106,1.6985759118787522
1079,27.51860520088173,0.43942816300162657,1.698578368166268
1080,27.60327679792086,0.4394282495158408,1.6985807525574927
1081,27.688208919768293,0.43942833323150476,1.6985830669178916
1082,27.77340236802906,0.4394284142307563,1.6985853130716209
1083,27.85885794677458,0.43942849259359296,1.6985874928022606
1084,27.944576462550376,0.43942856839792155,1.6985896078535252
1085,28.030558724383557,0.43942864171960494,1.6985916599299786
1086,28.11680554379053,0.43406109152200223,1.6546844689840674
1087,28.203317734784683,0.4394287812085502,1.698595581785135
1088,28.29009611388397,0.4394433245122882,1.6988879823524725
1089,28.377141500118743,0.4317746926865613,1.6343190008850401
1090,28.464454715039366,0.4394289736062402,1.698601032696657
1091,28.55203658272402,0.4417157711738202,1.7189781698865723
1092,28.639887929786532,0.4394290914215404,1.6986043964514674
1093,28.728009585384054,0.4394291473826841,1.6986060016227227
1094,28.816402381225025,0.43942920145929487,1.6986075575112227
1095,28.905067151576915,0.44171600725926785,1.7189849512357682
1096,28.994004733274128,0.43942930418861104,1.6986105268088676
1097,29.083215965725973,0.43942935295224395,1.6986119428233284
1098,29.17270169092445,0.43177517139872545,1.6343327659997644
1099,29.262462753452336,0.439429445543408,1.6986146438657428
1100,29.35250000049106,0.43942948947292404,1.6986159313166505
1101,29.44281428182871,0.43942953189068823,1.69861717828739
1102,29.533406449868135,0.4394295728442057,1.6986183859173942
1103,29.624277359634863,0.43942961237964084,1.698619555318297
1104,29.715427868785305,0.4317754229279287,1.6343401696637962
1105,29.80685883761473,0.4335353358040719,1.6562567543966784
1106,29.898571129065438,0.4394297229197641,1.6986228448573422
1107,29.990565608734954,0.4394297572189505,1.6986238719214442
1108,30.08284314488408,0.4394297903119688,1.6986248659167613
1109,30.175404608445227,0.4394298222376354,1.698625827799505
1110,30.268250873030503,0.4317892087871025,1.634583161876295
1111,30.361382814940043,0.439429882736591,1.6986276589321923
1112,30.454801313170286,0.4317756912317485,1.634348236943803
1113,30.548507249422187,0.43942993900441474,1.6986293724964767
1114,30.642501508109653,0.4394299656372733,1.6986301873339418
1115,30.73678497636779,0.4394299913130899,1.6986309753075934
1116,30.831358544061313,0.4394300160634059,1.698631737215303
1117,30.926223103792992,0.4394300399188227,1.698632473834203
1118,31.021379550911984,0.43943006290903375,1.6986331859211357
1119,31.116828783522383,0.43943008506284453,1.6986338742130922
1120,31.2125717024916,0.43177589800296223,1.6343546087142795
1121,31.308609211458922,0.43943012697218164,1.698635182263395
1122,31.404942216844063,0.43943014678108683,1.6986358034003495
1123,31.50157162785564,0.43943016586039185,1.698636403500375
1124,31.59849835649985,0.4394301842348012,1.6986369832075852
1125,31.69572331758899,0.4394302019282652,1.6986375431487422
1126,31.79324742875012,0.4317760208670991,1.63435847799384
1127,31.891071610433798,0.4394302353645003,1.698638606155541
1128,31.989196785922623,0.4394302511515731,1.6986391103914484
1129,32.0876238813401,0.4394302663463432,1.6986395972025894
1130,32.18635382565925,0.43943028096927894,1.6986400671347213
1131,32.28538755071147,0.43943029504020803,1.698640520718507
1132,32.3847259911953,0.43943030857833243,1.6986409584698638
1133,32.48437008468521,0.4394303216022528,1.698641380890313
1134,32.584320771640535,0.4394303341299792,1.6986417884673166
1135,32.68457899541423,0.4394303461789506,1.6986421816746156
1136,32.785145702261865,0.43943035776604766,1.6986425609725548
1137,32.886021841350555,0.43943036890761333,1.698642926808405
1138,32.98720836476785,0.43943037961946363,1.6986432796166784
1139,33.08870622753082,0.43943038991690764,1.698643619819441
1140,33.190516387594954,0.4317762270481562,1.6343651647838575
1141,33.29263980586328,0.4394304093273318,1.6986442640362718
1142,33.39507744619545,0.4394304184685054,1.6986445688349336
1143,33.49783027541674,0.4394304272516836,1.6986448625978547
1144,33.6008992633273,0.43943043568983353,1.6986451456893021
1145,33.7042853827112,0.4394304437954959,1.6986454184628315
1146,33.807989609345654,0.4394304515807965,1.6986456812615602
1147,33.91201292201027,0.4394304590574549,1.6986459344184264
1148,34.0163563024962,0.43943046623680493,1.6986461782564535
1149,34.12102073561551,0.43177631581179954,1.6343681498497422
1150,34.22600720921037,0.4394304797470139,1.6986466392200137
1151,34.33131671416243,0.4394304860986824,1.6986468569442683
1152,34.43695024440222,0.44171732620860493,1.7190254112106573
1153,34.54290879691842,0.43943049804456047,1.6986472683071743
1154,34.649193371767375,0.44171733821517667,1.7190258259354134
1155,34.75580497208246,0.4394305090425037,1.6986476493614504
1156,34.862744604083574,0.43943051420806967,1.6986478291689904
1157,34.97001327708668,0.4394305191625312,1.6986480021588555
1158,35.07761200351323,0.4394305239139007,1.6986481685680328
1159,35.185541798899855,0.43943052846991426,1.698648328626112
1160,35.293803681907804,0.43943053283803546,1.6986484825554853
1161,35.40239867433265,0.43943053702546764,1.6986486305715436
1162,35.51132780111396,0.43943054103916057,1.6986487728828685
1163,35.62059209034485,0.4394305448858211,1.6986489096914217
1164,35.73019257328183,0.43943054857191455,1.6986490411927238
1165,35.84013028435443,0.4394305521036803,1.6986491675760373
1166,35.950406261174976,0.4417173922944688,1.719027731707425
1167,36.06102154454848,0.4394305587280716,1.6986494057155004
1168,36.171977178482315,0.431776431808488,1.634372212229861
1169,36.28327421019622,0.4394305648045769,1.6986496255052717
1170,36.39491369013205,0.43943056765072575,1.6986497289305302
1171,36.50689667196376,0.43177644390619996,1.6343726518138662
1172,36.61922421260737,0.4394305729838559,1.6986499236181567
1173,36.73189737223086,0.4394305754803076,1.698650015175806
1174,36.8449172142643,0.43943057786937456,1.698650103064731
1175,36.95828480540973,0.43943058015536907,1.698650187420582
1176,37.07200121565135,0.4417174201108027,1.719028746085276
1177,37.186067518265595,0.4394305844345945,1.6986503460530649
1178,37.300484789831195,0.4394305864356718,1.698650420578802
1179,37.41525411023947,0.43943058834937787,1.698650492069935
1180,37.53037656270436,0.439430590179281,1.6986505606406936
1181,37.64585323377277,0.4394309899127191,1.6986595480247966
1182,37.7616852133348,0.43943059360126835,1.6986506894586013
1183,37.87787359463397,0.4394305951998314,1.6986507499151473
1184,37.99441947427765,0.43943059672755447,1.6986508078703444
1185,38.11132395224728,0.4394305981873754,1.6986508634200408
1186,38.22858813190884,0.43943059958212016,1.6986509166567414
1187,38.346213120023286,0.4394306009145068,1.698650967669707
1188,38.46420002675687,0.43943060218714547,1.6986510165450583
1189,38.58254996569177,0.43943060340254725,1.6986510633658753
1190,38.70126405383648,0.4394306045631273,1.6986511082122888
1191,38.82034341163641,0.43943060567120096,1.6986511511615765
1192,38.939789162984496,0.43943060672899703,1.6986511922882541
1193,39.05960243523169,0.43943060773865605,1.6986512316641609
1194,39.179784359197754,0.4394306087022348,1.6986512693585472
1195,39.30033606918179,0.4394306096217049,1.6986513054381573
1196,39.42125870297301,0.4394306104989638,1.6986513399673115
1197,39.54255340186155,0.43943061133583017,1.698651373007983
1198,39.66422131064906,0.439430612134053,1.698651404619876
1199,39.786263577659675,0.43177651037500087,1.6343751671673223
1200,39.9086813547508,0.4340633467761279,1.6547535775919637
1201,40.03147579732391,0.439430614313284,1.6986514914474278
1202,40.15464806433561,0.4417174534790864,1.7190300236716114
1203,40.27819931830841,0.439430615601869,1.6986515431876388
1204,40.40213072534178,0.4394306162011561,1.6986515673626705
1205,40.52644345512318,0.4394306167722011,1.6986515904693
1206,40.651138680939006,0.4394306173162579,1.6986516125515843
1207,40.776217579685806,0.4394306178345253,1.6986516336519086
1208,40.90168133188122,0.44171745684816655,1.7190301601480762
1209,41.02753112167523,0.4394306187982564,1.698651673068205
1210,41.15376813686136,0.43943061924587945,1.6986516914610974
1211,41.28039356888775,0.4394306196720401,1.6986517090259767
1212,41.4074086128686,0.43943062007771005,1.698651725797694
1213,41.53481446759524,0.4394306204638163,1.6986517418097502
1214,41.66261233554757,0.43177652560429625,1.6343757858848018
1215,41.790803422905434,0.4394306211808652,1.6986517716823895
1216,41.91938893955988,0.4394306215134747,1.6986517856036245
1217,42.048370099124725,0.4394306218298618,1.6986517988865906
1218,42.177748118947875,0.439430622130772,1.6986518115587044
1219,42.307524220122886,0.4394306224169233,1.698651823646294
1220,42.437699627500535,0.4394306226889979,1.6986518351746362
1221,42.56827556970023,0.4317765301753427,1.6343759782936602
1222,42.69925327912181,0.439430623193507,1.6986518566496671
1223,42.83063399195698,0.4394306234271683,1.6986518666419983
1224,42.962418948201076,0.4317765317775786,1.6343760468070294
1225,43.094609391664825,0.4417174623311029,1.7190303895058079
1226,43.22720656998592,0.4394306240605679,1.6986518938930935
1227,43.36021173464098,0.43943062425091894,1.6986519021339748
1228,43.493626140957225,0.439430624431693,1.6986519099843498
1229,43.62745104812436,0.4417174630555618,1.7190304209118739
1230,43.761687719206535,0.43943062476631867,1.698651924582462
1231,43.89633742115413,0.43943062492102225,1.6986519313628663
1232,44.031401424815854,0.4417174635057983,1.7190304406428407
1233,44.16688100495063,0.43943062520719933,1.6986519439629961
1234,44.30277744023965,0.44171746376789645,1.7190304522183262
1235,44.439092013298534,0.4394306254648499,1.6986519553770179
1236,44.57582601068927,0.4394306255838325,1.698651960672561
1237,44.71298072293255,0.43177676658540487,1.6343816541317522
1238,44.85055744451977,0.43943062580368886,1.6986519705024854
1239,44.98855747392535,0.44171746431064296,1.719030476440628
1240,45.12698211361899,0.4394306260013352,1.6986519793938408
1241,45.26583267007791,0.43943062609250627,1.6986519835143492
1242,45.40511045379925,0.4394306261789094,1.6986519874314483
1243,45.54481677931236,0.43943062626078366,1.6986519911546236
1244,45.68495296519124,0.4417174647223643,1.7190304950997308
1245,45.82552033406706,0.4394306264118373,1.6986519980550936
1246,45.96652021264046,0.43943062648143516,1.6986520012493576
1247,46.10795393169432,0.4394306265473462,1.6986520042836677
1248,46.24982282610609,0.4394306266097554,1.698652007165603
1249,46.39212823486049,0.43943062666883925,1.698652009902405
1250,46.53487150106222,0.43943062672476785,1.6986520125009932
1251,46.67805397194845,0.431776540025109,1.6343764134916252
1252,46.82167699890175,0.4394306268277919,1.6986520173096753
1253,46.96574193746267,0.4394306268751851,1.6986520195321122
1254,47.1102501473426,0.44171746526706923,1.719030520334057
1255,47.255202992436665,0.4394306269624295,1.698652023641978
1256,47.40060184083647,0.43943062700253765,1.6986520255401503
1257,47.54644806484316,0.43943062704046243,1.698652027340571
1258,47.692743040980226,0.43943062707631864,1.6986520290480194
1259,47.83948815000655,0.4394306271102144,1.6986520306670523
1260,47.98668477692955,0.4394306271422519,1.6986520322020189
1261,48.13433431101804,0.439430627172527,1.698652033657065
1262,48.28243814581554,0.43943062720113457,1.698652035036147
1263,48.4309976791533,0.4317765415894743,1.63437648775982
1264,48.580014313163524,0.43943062725369053,1.6986520375813188
1265,48.729489454292676,0.439430627277801,1.6986520387544284
1266,48.87942451331462,0.4394306273005697,1.6986520398656269
1267,49.02982090534408,0.4394306273220676,1.6986520409180237
1268,49.180680049849876,0.43177654203830906,1.6343765096590788
1269,49.332003370668374,0.4394306273615183,1.6986520428581215
1270,49.483792296016965,0.4394306273795965,1.698652043751332
1271,49.63604825850744,0.43943062739665617,1.698652044596771
1272,49.78877269515964,0.43943062741275085,1.6986520453968734
1273,49.9419670474149,0.4394306274279334,1.698652046153958
1274,50.095632761149695,0.43943062744225436,1.698652046870231
1275,50.24977128668936,0.43943062745575867,1.698652047547792
1276,50.40438407882164,0.4394306274684925,1.6986520481886374
1277,50.55947259681058,0.4394306274804982,1.6986520487946666
1278,50.715038304410136,0.4394306274918136,1.6986520493676858
1279,50.87108266987807,0.4394306275024793,1.698652049909413
1280,51.02760716598989,0.4394306275125308,1.6986520504214817
1281,51.18461327005255,0.43943062752200035,1.698652050905444
1282,51.34210246391862,0.4394306275309221,1.6986520513627734
1283,51.500076234000076,0.4394306275393247,1.6986520517948738
1284,51.65853607128243,0.43943062754723883,1.6986520522030752
1285,51.81748347133883,0.43943062755469153,1.698652052588644
1286,51.97691993434407,0.4394306275617077,1.6986520529527798
1287,52.136846965088885,0.4394306275683131,1.6986520532966254
1288,52.297266072994006,0.4394306275745312,1.6986520536212628
1289,52.458178772124484,0.4394306275803812,1.69865205392772
1290,52.61958658120405,0.439430627585887,1.6986520542169732
1291,52.781491023629265,0.4394306275910662,1.6986520544899482
1292,52.94389362748413,0.439430627595939,1.698652054747523
1293,53.10679592555427,0.4394306276005231,1.698652054990532
1294,53.27019945534157,0.43943062760483187,1.6986520552197653
1295,53.434105759078655,0.43943062760888485,1.6986520554359716
1296,53.598516383743345,0.4394306276126949,1.6986520556398634
1297,53.76343288107345,0.43943062761627516,1.6986520558321128
1298,53.9288568075812,0.43943062761964247,1.6986520560133591
1299,54.094789724568045,0.4317765433916816,1.6343765787452562
1300,54.26123319813945,0.43943062762577734,1.6986520563452312
1301,54.42818879921952,0.44171746589769967,1.7190305513178783
1302,54.595658103565995,0.4394306276311928,1.6986520566399486
1303,54.76364269178499,0.4394306276336557,1.6986520567746437
1304,54.93214414934594,0.4340633817109978,1.654755076161755
1305,55.101164066596674,0.4394306276381412,1.6986520570210175
1306,55.270704038778234,0.43943062764018026,1.6986520571335455
1307,55.44076566604016,0.4317765435241856,1.634376585996231
1308,55.61135055345536,0.43177654353748673,1.6343765867347817
1309,55.78246031103537,0.43943062764557683,1.6986520574331305
1310,55.954096553745664,0.43943062764715846,1.6986520575214947
1311,56.126260901520624,0.4394306276486417,1.6986520576046478
1312,56.298954979279124,0.4394306511521473,1.6986526318168307
1313,56.47218041693963,0.4317765435952041,1.634376589968334
1314,56.645938849435694,0.43943062765256413,1.6986520578257236
1315,56.820231916731444,0.4394306276537119,1.6986520578908384
1316,56.99506126383688,0.439430627654787,1.6986520579520699
1317,57.170428540823636,0.4417174659184342,1.7190305524695142
1318,57.34633540284031,0.43406338188502147,1.6547550859063274
1319,57.52278351012823,0.43943062765762697,1.6986520581146438
1320,57.69977452803718,0.4394306276584572,1.6986520581624602
1321,57.87731012704091,0.43406338190922655,1.6547550873006882
1322,58.05539198275314,0.4394306276599633,1.6986520582496143
1323,58.234021775943205,0.431776543675934,1.6343765945922653
1324,58.413201192551924,0.4394306276612838,1.6986520583265377
1325,58.59293192370768,0.4394306276618827,1.6986520583615312
1326,58.773215665742164,0.43943062766244245,1.6986520583943934
1327,58.954054120206564,0.4317765436985739,1.634376595918534
1328,59.135448993887486,0.439430627663457,1.6986520584542184
1329,59.31740199882311,0.43943062766391683,1.6986520584814122
1330,59.49991485231945,0.4394306276643456,1.6986520585069353
1331,59.682989276966374,0.4317765437170842,1.63437659701629
1332,59.866627000654056,0.43943062766512364,1.698652058553364
1333,60.05082975658911,0.4394306276654758,1.698652058574451
1334,60.23559928331103,0.4417174659253562,1.7190305528736183
1335,60.42093732470869,0.43943062766611196,1.698652058612786
1336,60.60684563003658,0.4394306276663993,1.698652058630187
1337,60.793325953931586,0.43943062766666796,1.698652058646504
1338,60.98038005642929,0.43943062766691954,1.6986520586618032
1339,61.168009702980726,0.43943062766715424,1.6986520586761449
1340,61.35621666446911,0.4394306276673734,1.6986520586895888
1341,61.54500271722632,0.4394306276675781,1.698652058702188
1342,61.734369643049945,0.43943062766777086,1.6986520587139955
1343,61.92431922921986,0.4394306276679494,1.6986520587250586
1344,62.11485326851521,0.44171746592679373,1.719030552961421
1345,62.30597355923139,0.4394306276682729,1.6986520587451326
1346,62.49768190519683,0.4394306276684188,1.698652058754226
1347,62.68998011579025,0.43943062766855445,1.6986520587627425
1348,62.88287000595754,0.43943062766868124,1.6986520587707168
1349,63.07635339622897,0.4317765437659724,1.6343766000035203
1350,63.270432112736444,0.43943062766891083,1.6986520587851728
1351,63.46510798723057,0.4340633820244859,1.6547550942090519
1352,63.66038285709815,0.43943062766911,1.6986520587978375
1353,63.85625856537933,0.43943062766920016,1.6986520588035674
1354,64.05273696078507,0.43943062766928387,1.6986520588089287
1355,64.2498198977147,0.4394306276693618,1.698652058813944
1356,64.4475092362732,0.4394306276694351,1.6986520588186358
1357,64.64580684228902,0.43943062766950325,1.6986520588230243
1358,64.84471458733142,0.43943062766956587,1.6986520588271274
1359,65.0442343487283,0.4394306276696256,1.698652058830965
1360,65.24436800958397,0.43943062766968044,1.698652058834553
1361,65.44511745879667,0.4394306276697324,1.6986520588379068
1362,65.64648459107677,0.4394306276697799,1.6986520588410419
1363,65.84847130696429,0.4394306276698239,1.6986520588439717
1364,66.05107951284698,0.43943062766986607,1.6986520588467096
1365,66.25431112097849,0.4394306276699047,1.6986520588492682
1366,66.45816804949605,0.4394306276699407,1.6986520588516583
1367,66.662652222439,0.43943062766997376,1.698652058853891
1368,66.86776556976653,0.4394306276700055,1.698652058855976
1369,67.07351002737617,0.44171746592784156,1.7190305530282073
1370,67.27988753712205,0.43943062767006147,1.6986520588597418
1371,67.48690004683303,0.43943062767008634,1.6986520588614398
1372,67.69454951033136,0.4317765437872927,1.634376601386818
1373,67.90283788745086,0.4394306276701314,1.698652058864504
1374,68.11176714405556,0.43943062767015206,1.6986520588658847
1375,68.32133925205832,0.4394306276701714,1.6986520588671727
1376,68.5315561894392,0.4394306276701885,1.6986520588683751
1377,68.74241994026443,0.43177654378926644,1.6343766015214591
1378,68.95393249470487,0.43943062767022,1.698652058870543
1379,69.16609584905493,0.43943062767023444,1.6986520588715186
1380,69.37891200575146,0.4394306276702473,1.6986520588724288
1381,69.59238297339246,0.43943062767025953,1.6986520588732772
1382,69.80651076675632,0.43943062767027086,1.6986520588740681
1383,70.02129740682051,0.4340633820482447,1.654755095771374
1384,70.23674492078085,0.4394306276702915,1.6986520588754932
1385,70.45285534207073,0.4394306276703006,1.6986520588761336
1386,70.66963071038,0.4394306276703084,1.69865205887673
1387,70.88707307167459,0.43943062767031704,1.6986520588772869
1388,71.10518447821549,0.4394306276703246,1.698652058877805
1389,71.32396698857828,0.43943062767033103,1.6986520588782876
1390,71.54342266767264,0.43943062767033725,1.698652058878737
1391,71.76355358676159,0.4388153222814881,1.7036858316655152
1392,71.98436182348136,0.4394306276703486,1.6986520588795455
1393,72.2058494618607,0.44171746592797323,1.71903055303728
1394,72.42801859234066,0.4394306276703579,1.698652058880246
1395,72.65087131179452,0.4394306276703621,1.6986520588805603
1396,72.87440972354715,0.4317765437931451,1.6343766017944332
1397,73.09863593739531,0.43943062767037033,1.6986520588811251
1398,73.3235520696273,0.43943062767037366,1.698652058881378
1399,73.54916024304289,0.43943062767037677,1.6986520588816136
1400,73.77546258697367,0.4394306276703799,1.6986520588818323
1401,74.00246123730273,0.439430627670383,1.6986520588820364
1402,74.2301583364852,0.4394306276703852,1.6986520588822251
1403,74.4585560335682,0.44171746592798433,1.7190305530380563
1404,74.68765648421119,0.43943062767038943,1.698652058882565
1405,74.91746185070649,0.43177654379389296,1.634376601849658
1406,75.14797430199937,0.43177654379395247,1.6343766018541497
1407,75.37919601370886,0.43943062767039565,1.69865205888299
1408,75.61112916814801,0.43943062767039653,1.6986520588831118
1409,75.8437759543446,0.4394306276703981,1.6986520588832252
1410,76.0771385680619,0.4394306276704003,1.6986520588833305
1411,76.31121921181914,0.44171746592798766,1.7190305530383314
1412,76.5460200949126,0.43943062767040253,1.6986520588835186
1413,76.78154343343624,0.4394306276704034,1.6986520588836032
1414,77.01779145030262,0.43943062767040386,1.6986520588836813
1415,77.2547663752641,0.4394306276704054,1.698652058883754
1416,77.49247044493359,0.43882341865305197,1.7042840419798706
1417,77.7309059028059,0.4394306276704065,1.6986520588838832
1418,77.97007499927878,0.43943062767040764,1.6986520588839413
1419,78.20997999167415,0.43177654379446273,1.6343766018931225
1420,78.45062314425955,0.43943062767040897,1.6986520588840446
1421,78.69200672826929,0.4317765437945098,1.6343766018967731
1422,78.93413302192617,0.43943062767040986,1.6986520588841336
1423,79.17700431046268,0.43943062767041097,1.6986520588841734
1424,79.4206228861427,0.43943062767041097,1.69865205888421
1425,79.66499104828328,0.43943062767041163,1.6986520588842438
1426,79.91011110327608,0.4394306276704121,1.6986520588842757
1427,80.15598536460934,0.43943062767041186,1.6986520588843046
1428,80.40261615288959,0.44171746592799055,1.7190305530385301
1429,80.65000579586356,0.43943062767041274,1.698652058884357
1430,80.89815662844035,0.4394306276704134,1.6986520588843799
1431,81.14707099271311,0.4394306276704134,1.6986520588844012
1432,81.3967512379815,0.4394306276704141,1.6986520588844212
1433,81.64719972077364,0.4394306276704141,1.6986520588844394
1434,81.89841880486836,0.43943062767041496,1.6986520588844567
1435,82.15041086131768,0.43943062767041496,1.698652058884472
1436,82.40317826846899,0.434063382052279,1.6547550960663484
1437,82.65672341198766,0.44171746592799077,1.7190305530385575
1438,82.9110486848794,0.43943062767041496,1.6986520588845124
1439,83.16615648751292,0.43882630705647174,1.7045151584632035
1440,83.42204922764273,0.43943062767041563,1.6986520588845344
1441,83.6787293204315,0.43406338205231454,1.6547550960692934
1442,83.93619918847332,0.43943062767041563,1.6986520588845528
1443,84.19446126181614,0.43943062767041563,1.6986520588845617
1444,84.45351797798493,0.4394306276704163,1.69865205888457
1445,84.71337178200476,0.4394306276704161,1.6986520588845766
1446,84.97402512642356,0.43943062767041563,1.698652058884583
1447,85.23548047133569,0.43943062767041585,1.698652058884589
1448,85.49774028440478,0.43943062767041585,1.6986520588845946
1449,85.76080704088719,0.4394306276704163,1.6986520588846004
1450,86.02468322365549,0.43943062767041585,1.6986520588846046
1451,86.28937132322157,0.43177654379478536,1.6343766019192068
1452,86.55487383776055,0.44171746592799055,1.7190305530385719
1453,86.82119327313399,0.4394306276704161,1.6986520588846163
1454,87.0883321429137,0.4340633820523634,1.6547550960735358
1455,87.35629296840563,0.43943062767041674,1.6986520588846235
1456,87.62507827867326,0.4394306276704161,1.6986520588846266
1457,87.89469061056195,0.4394306276704165,1.698652058884629
1458,88.16513250872246,0.4317765437947998,1.6343766019204653
1459,88.43640652563519,0.43177654379480135,1.6343766019205994
1460,88.70851522163433,0.4394306276704161,1.6986520588846357
1461,88.98146116493176,0.4394306276704161,1.6986520588846379
1462,89.25524693164164,0.4340633820523776,1.654755096074752
1463,89.5298751058044,0.4394306276704161,1.6986520588846412
1464,89.80534827941125,0.4394306276704163,1.6986520588846428
1465,90.08166905242881,0.43943062767041674,1.6986520588846439
1466,90.35884003282332,0.4394306276704163,1.698652058884645
1467,90.63686383658563,0.43943062767041674,1.6986520588846463
1468,90.91574308775552,0.43943062767041674,1.6986520588846477
1469,91.19548041844666,0.4317765437948111,1.6343766019215131
1470,91.47607846887158,0.4394306276704163,1.698652058884649
1471,91.75753988736624,0.4417174659279903,1.7190305530385754
1472,92.03986733041542,0.43943062767041696,1.6986520588846508
1473,92.32306346267745,0.43177654379481356,1.6343766019217263
1474,92.60713095700955,0.44171746592799055,1.7190305530385759
1475,92.89207249449308,0.43177654379481467,1.6343766019218107
1476,93.17789076445865,0.4394306276704163,1.698652058884653
1477,93.46458846451183,0.4417174659279903,1.7190305530385759
1478,93.75216830055822,0.43943062767041674,1.698652058884654
1479,94.04063298682924,0.43943062767041696,1.6986520588846545
1480,94.32998524590776,0.4394306276704161,1.698652058884655
1481,94.62022780875361,0.43177654379481667,1.6343766019219994
1482,94.91136341472962,0.43943062767041674,1.6986520588846556
1483,95.20339481162719,0.43943062767041674,1.698652058884656
1484,95.49632475569236,0.4394306276704163,1.698652058884656
1485,95.79015601165197,0.4394306276704165,1.6986520588846565
1486,96.0848913527394,0.43943062767041674,1.698652058884657
1487,96.38053356072119,0.43943062767041674,1.698652058884657
1488,96.67708542592284,0.4394306276704165,1.6986520588846572
1489,96.97454974725544,0.43943062767041696,1.698652058884657
1490,97.27292933224207,0.43943062767041674,1.6986520588846572
1491,97.57222699704414,0.43943062767041696,1.6986520588846576
1492,97.87244556648818,0.43943062767041674,1.6986520588846576
1493,98.17358787409228,0.4394306276704163,1.6986520588846574
1494,98.47565676209292,0.43943062767041674,1.6986520588846579
1495,98.778655081472,0.43177654379481867,1.6343766019222081
1496,99.08258569198333,0.43943062767041674,1.6986520588846579
1497,99.38745146218005,0.4394306276704172,1.6986520588846579
1498,99.6932552694414,0.4394306276704165,1.6986520588846579
1499,100.0,0.4394306276704165,1.698652058884658
