,Unnamed: 0,D1_place,D2_place,D3_place,D1_goal,D2_goal,D3_goal,D1_source,D2_source,D3_source,I[U;W],I[M;W],Language,Area,dist_to_hull,r patterns,theta patterns
0,0,1,0,0,4,2,2,5,3,3,0.3430006499837557,1.5173487714785212,Belarusian,europe,0.014166525623419624,1.0,1.0
1,1,1,0,0,1,0,0,2,3,3,0.2650258319332757,0.9627697664926144,"English (Indo-European, Germanic)",europe,0.002090712405812537,1.0,1.0
2,2,2,1,1,2,1,1,3,0,0,0.2650258319332753,0.9627697664926146,"Albanian (Indo-European, Albanian)",europe,0.0020907124058390887,1.0,1.0
3,3,0,2,2,4,3,3,5,1,1,0.3430006499837557,1.5173487714785212,"Romani, Moldovan (Indo-European, Indo-Iranian)",europe,0.014166525623419624,1.0,1.0
4,4,3,6,5,4,2,8,7,0,1,0.3854389219649361,1.7190305530385759,Basque,europe,0.0,1.0,1.0
5,5,4,5,5,3,2,2,1,0,0,0.34300064998375634,1.5173487714785214,"Slavomolisano (Indo-European, Slavic)",europe,0.014166525623388281,1.0,1.0
6,6,1,5,0,2,8,7,4,3,6,0.3854389219649361,1.719030553038576,"Macedonian (Indo-European, Slavic)",europe,0.0,1.0,1.0
7,7,2,3,3,0,3,3,1,4,4,0.31662862360470023,1.3282767593744575,"Greek, Modern (Indo-European, Graeco-Phrygian)",europe,0.013883349437002595,2.0,1.0
8,8,2,3,3,1,4,4,5,0,0,0.3430006499837561,1.5173487714785212,"Slovenian (Indo-European, Slavic)",europe,0.014166525623403953,1.0,1.0
9,9,0,5,5,3,2,2,4,1,1,0.34300064998375634,1.5173487714785214,"Danish (Indo-European, Germanic)",europe,0.014166525623388281,1.0,1.0
10,10,5,1,3,5,1,3,4,0,2,0.3074974045392003,1.1645392933887269,"French (Indo-European, Romance)",europe,1.4901161193847656e-08,1.0,1.0
11,11,0,6,8,4,5,1,7,2,3,0.3854389219649372,1.7190305530385759,"Old Church Slavonic (Indo-European, Slavic)",europe,0.0,1.0,1.0
12,12,4,6,2,1,0,5,7,3,8,0.3854389219649372,1.7190305530385763,"German (Indo-European, Germanic)",europe,0.0,1.0,1.0
13,13,4,3,3,1,5,5,0,2,2,0.3430006499837561,1.5173487714785212,"Serbian (Indo-European, Slavic)",europe,0.014166525623403953,1.0,1.0
14,14,4,0,0,3,5,5,1,2,2,0.3430006499837557,1.5173487714785212,"Faroese (Indo-European, Germanic)",europe,0.014166525623419624,1.0,1.0
15,15,6,2,7,3,0,5,1,8,4,0.3854389219649368,1.7190305530385763,Turkish (Turkic),europe,0.0,1.0,1.0
16,16,2,0,1,2,0,1,2,0,1,0.2046119813970061,0.8448628726782395,Adyghe (Abkhaz-Adyge),europe,0.03741932470544816,1.0,1.0
17,17,3,2,2,3,2,2,1,0,0,0.2650258319332758,0.9627697664926144,"Maltese (Afro-Asiatic, Semitic)",europe,0.0020907124057859858,1.0,1.0
18,18,3,0,0,4,5,5,2,1,1,0.34300064998375523,1.5173487714785212,"Sorbian, Lower (Indo-European, Slavic)",europe,0.014166525623403953,1.0,1.0
19,19,0,1,1,2,1,1,3,4,4,0.3166286236046998,1.3282767593744578,"Czech (Indo-European, Slavic)",europe,0.013883349436994598,2.0,1.0
20,20,1,3,3,1,3,3,2,0,0,0.26502583193327545,0.9627697664926144,"Welsh (Indo-European, Celtic)",europe,0.0020907124057859858,1.0,1.0
21,21,4,3,3,2,0,0,5,1,1,0.343000649983757,1.5173487714785212,"Lezgian (Nakh-Daghestanian, Daghestanian)",europe,0.014166525623388281,1.0,1.0
22,22,0,1,1,5,4,4,3,2,2,0.3430006499837559,1.5173487714785212,"Swedish (Indo-European, Germanic)",europe,0.014166525623388281,1.0,1.0
23,23,2,0,0,2,0,0,1,3,3,0.2650258319332752,0.9627697664926144,"Italian (Indo-European, Romance)   ",europe,0.002090712405812537,1.0,1.0
24,24,2,1,1,0,3,3,5,4,4,0.3430006499837557,1.5173487714785214,"Latvian (Indo-European, Baltic)",europe,0.014166525623403953,1.0,1.0
25,25,2,1,1,4,3,3,5,0,0,0.3430006499837561,1.5173487714785212,"Norwegian (Indo-European, Germanic)",europe,0.014166525623403953,1.0,1.0
26,26,5,0,0,4,3,3,2,1,1,0.3430006499837561,1.5173487714785212,"Low German (Indo-European, Germanic)",europe,0.014166525623403953,1.0,1.0
27,27,3,1,1,5,2,2,0,4,4,0.3430006499837559,1.5173487714785212,"Russian (Indo-European, Slavic)",europe,0.014166525623388281,1.0,1.0
28,28,8,2,3,6,4,1,7,0,5,0.38543892196493656,1.719030553038576,Catalan,europe,0.0,1.0,1.0
29,29,1,2,2,1,2,2,3,0,0,0.2650258319332753,0.9627697664926146,"Polish (Indo-European, Slavic)",europe,0.0020907124058390887,1.0,1.0
30,30,0,3,4,2,1,5,0,3,4,0.2996611479529769,1.4333355569365331,"Saami, Skolt (Uralic)",europe,0.045341314760091685,1.0,1.0
31,31,0,3,3,2,4,4,1,5,5,0.34300064998375634,1.5173487714785212,Hungarian (Uralic),europe,0.014166525623403953,1.0,1.0
32,32,4,2,5,4,2,5,0,3,1,0.3074974045392005,1.164539293388727,"Scots-Gaelic (Indo-European, Celtic)",europe,2.1073424255447014e-08,1.0,1.0
33,33,6,8,5,7,3,1,2,0,4,0.38543892196493656,1.7190305530385759,Finnish (Uralic),europe,0.0,1.0,1.0
34,34,4,5,5,0,3,3,1,2,2,0.3430006499837568,1.5173487714785214,Estonian (Uralic),europe,0.014166525623403953,1.0,1.0
35,35,2,4,4,3,5,5,0,1,1,0.3430006499837559,1.5173487714785212,"Croatian (Indo-European, Slavic)",europe,0.014166525623388281,1.0,1.0
36,36,0,2,2,3,4,4,5,1,1,0.3430006499837557,1.5173487714785212,Bulgarian,europe,0.014166525623419624,1.0,1.0
37,37,3,0,4,3,0,4,2,5,1,0.3074974045392007,1.1645392933887269,"Irish (Indo-European, Celtic)",europe,2.1073424255447014e-08,1.0,1.0
38,38,2,5,5,4,3,3,0,1,1,0.3430006499837559,1.5173487714785214,"Lithuanian (Indo-European, Baltic)",europe,0.014166525623403953,1.0,1.0
39,39,5,1,1,0,3,3,2,4,4,0.3430006499837561,1.5173487714785212,"Rumantsch (Indo-European, Romance)",europe,0.014166525623403953,1.0,1.0
40,40,3,2,2,0,1,1,5,4,4,0.3430006499837557,1.5173487714785212,"Romanian (Indo-European, Romance) ",europe,0.014166525623419624,1.0,1.0
41,41,2,5,5,0,3,3,4,1,1,0.34300064998375634,1.5173487714785214,"Slovak (Indo-European, Slavic)",europe,0.014166525623388281,1.0,1.0
42,42,2,0,0,5,3,3,4,1,1,0.34300064998375523,1.5173487714785212,"Ukrainian (Indo-European, Slavic)",europe,0.014166525623403953,1.0,1.0
43,43,4,3,3,1,0,0,5,2,2,0.34300064998375657,1.5173487714785217,"Dutch (Indo-European, Germanic)",europe,0.014166525623388281,1.0,1.0
44,44,2,0,0,3,1,1,4,5,5,0.34300064998375546,1.5173487714785214,"Icelandic (Indo-European, Germanic)",europe,0.014166525623403953,1.0,1.0
45,45,3,0,0,4,5,5,2,1,1,0.34300064998375523,1.5173487714785212,"Sorbian,Upper (Indo-European, Slavic)",europe,0.014166525623403953,1.0,1.0
46,46,4,0,0,3,1,1,5,2,2,0.34300064998375657,1.5173487714785212,"Chinese (Sino-Tibetan, Sinitic)",asia,0.014166525623403953,1.0,1.0
47,47,5,0,4,5,0,4,3,1,2,0.3074974045392005,1.164539293388727,"Santali (Austroasiatic, Mundaic)",asia,2.1073424255447014e-08,1.0,1.0
48,48,5,4,4,3,1,1,0,2,2,0.3430006499837561,1.5173487714785214,Lamut (Tungusic),asia,0.014166525623388281,1.0,1.0
49,49,5,1,1,2,3,3,4,0,0,0.3430006499837561,1.5173487714785212,"Vietnamese (Austroasiatic, Vietic)",asia,0.014166525623403953,1.0,1.0
50,50,6,8,1,4,0,5,2,7,3,0.3854389219649361,1.7190305530385759,"Atong (Sino-Tibetan, Brahmaputran)",asia,0.0,1.0,1.0
51,51,5,2,4,5,2,4,3,0,1,0.30749740453920005,1.1645392933887269,"Thai (Tai-Kadai, Daic)",asia,2.1073424255447014e-08,1.0,1.0
52,52,0,4,2,0,4,2,5,3,1,0.30749740453920005,1.1645392933887269,"Wa (Austroasiatic, Palaungic)",asia,2.1073424255447014e-08,1.0,1.0
53,53,1,3,3,5,4,4,0,2,2,0.3430006499837559,1.5173487714785212,"Panjabi (Indo-European, Indo-Iranian)",asia,0.014166525623388281,1.0,1.0
54,54,3,5,5,0,4,4,2,1,1,0.34300064998375634,1.5173487714785214,"Cantonese (Sino-Tibetan, Sinitic)",asia,0.014166525623388281,1.0,1.0
55,55,8,3,4,6,2,5,0,7,1,0.38543892196493656,1.719030553038576,"Mundari (Austroasiatic, Mundaic)",asia,0.0,1.0,1.0
56,56,0,1,1,0,1,1,0,1,1,0.16206318765857666,0.6428851403790256,"Hmong Njua (Hmong-Mien, Chuanqiandian)",asia,0.038775539006686614,1.0,1.0
57,57,3,1,1,4,5,5,2,0,0,0.3430006499837557,1.5173487714785212,"Temiar (Austroasiatic, Aslian)",asia,0.014166525623419624,1.0,1.0
58,58,8,2,4,1,7,6,3,5,0,0.3854389219649361,1.7190305530385759,Ainu (Ainu),asia,0.0,1.0,1.0
59,59,2,4,7,5,1,7,0,3,6,0.3783086381297491,1.6674491605576174,"Limbu (Sino-Tibetan, Kiranti)",asia,0.0,2.0,1.0
60,60,3,5,5,4,0,0,1,2,2,0.34300064998375634,1.5173487714785214,"Persian (Indo-European, Indo-Iranian)",asia,0.014166525623388281,1.0,1.0
61,61,0,4,4,3,5,5,2,1,1,0.34300064998375546,1.5173487714785214,Manchu (Tungusic),asia,0.014166525623403953,1.0,1.0
62,62,2,0,0,5,4,4,3,1,1,0.3430006499837559,1.5173487714785212,"Ostyak (Uralic, Khantyic)",asia,0.014166525623388281,1.0,1.0
63,63,2,3,1,6,7,1,4,0,5,0.3783086381297489,1.6674491605576174,"Bengali (Indo-European, Indo-Iranian)",asia,0.0,2.0,1.0
64,64,0,1,1,3,4,4,5,2,2,0.3430006499837561,1.5173487714785212,"Burmese (Tibeto-Burmese, Burmish)",asia,0.014166525623403953,1.0,1.0
65,65,4,0,5,4,0,5,2,3,1,0.3074974045392003,1.1645392933887269,"Dhimal (Sino-Tibetan, Dhimalish)",asia,1.4901161193847656e-08,1.0,1.0
66,66,7,1,3,4,6,5,0,2,8,0.3854389219649363,1.7190305530385759,Korean (Koreanic),asia,0.0,1.0,1.0
67,67,2,1,1,2,1,1,0,3,3,0.2650258319332752,0.9627697664926144,"Apatani (Sino-Tibetan, Macro-Tani)",asia,0.002090712405812537,1.0,1.0
68,68,2,0,0,1,5,5,3,4,4,0.3430006499837559,1.5173487714785214,Evenki (Tungusic),asia,0.014166525623403953,1.0,1.0
69,69,8,6,3,0,2,4,7,5,1,0.3854389219649361,1.719030553038576,Yugh (Yeniseian),asia,0.0,1.0,1.0
70,70,2,3,3,2,3,3,0,1,1,0.2650258319332759,0.9627697664926144,"Nicobarese, Car (Austroasiatic, Nicobaric)",asia,0.0020907124057859858,1.0,1.0
71,71,3,1,0,5,6,7,4,8,2,0.385438921964937,1.719030553038576,"Yukaghir, Kolyma (Yukaghir)",asia,0.0,1.0,1.0
72,72,2,4,4,1,3,3,5,0,0,0.3430006499837557,1.5173487714785212,"Vogul (Uralic, Mansi)",asia,0.014166525623419624,1.0,1.0
73,73,3,1,5,0,2,6,7,8,4,0.3854389219649359,1.7190305530385763,"Bantawa (Sino-Tibetan, Kiranti)",asia,2.1073424255447014e-08,1.0,1.0
74,74,5,3,8,6,1,7,4,0,2,0.3854389219649368,1.719030553038576,"Arabic, Modern Standard (Afro-Asiatic, Semitic)",asia,0.0,1.0,1.0
75,75,3,2,2,0,1,1,4,5,5,0.34300064998375634,1.5173487714785214,Koḍava (Dravidian),asia,0.014166525623388281,1.0,1.0
76,76,5,3,6,1,7,8,4,2,0,0.38543892196493656,1.719030553038576,"Mualang (Austronesian, Malayo-Sumbawan)",asia,0.0,1.0,1.0
77,77,3,5,5,2,1,1,4,0,0,0.34300064998375634,1.5173487714785214,"Hindi (Indo-European, Indo-Iranian)",asia,0.014166525623388281,1.0,1.0
78,78,3,1,1,3,1,1,2,0,0,0.2650258319332753,0.9627697664926144,Tamil (Dravidian),asia,0.0020907124057859858,1.0,1.0
79,79,2,4,4,1,5,5,3,0,0,0.3430006499837557,1.5173487714785212,Udihe (Tungusic),asia,0.014166525623419624,1.0,1.0
80,80,1,0,0,1,0,0,3,2,2,0.2650258319332758,0.9627697664926146,Malayalam (Dravidian),asia,0.0020907124057859858,1.0,1.0
81,81,4,6,5,7,2,1,8,3,0,0.385438921964937,1.7190305530385763,"Burushaski, Yasin (Burushaski)",asia,2.1073424255447014e-08,1.0,1.0
82,82,3,7,4,6,1,0,8,2,5,0.385438921964937,1.7190305530385763,Tuvinian (Turkic),asia,2.1073424255447014e-08,1.0,1.0
83,83,2,4,1,2,4,1,5,0,3,0.3074974045392005,1.164539293388727,"Baba Malay (Austronesian, Malayo-Sumbawan)",asia,2.1073424255447014e-08,1.0,1.0
84,84,5,3,3,1,0,0,4,2,2,0.3430006499837561,1.5173487714785217,Telugu (Dravidian),asia,0.014166525623419624,1.0,1.0
85,85,8,2,0,4,7,1,5,6,3,0.38543892196493656,1.7190305530385759,"Khasi (Austroasiatic, Khasi-Palaung)",asia,0.0,1.0,1.0
86,86,3,1,1,3,1,1,0,2,2,0.2650258319332753,0.9627697664926144,"Khmer (Austroasiatic, Khmeric)",asia,0.0020907124057859858,1.0,1.0
87,87,3,1,1,2,4,4,0,5,5,0.3430006499837559,1.5173487714785212,"Hebrew (Afro-Asiatic, Semitic)",asia,0.014166525623388281,1.0,1.0
88,88,3,6,7,2,5,1,4,5,0,0.3620795470468403,1.6713847319926405,"[AM-47]  Yaqui (Uto-Aztecan, Cahitan)",americas,0.01661551681573746,2.0,1.0
89,89,3,4,2,0,5,2,1,4,2,0.3530323117402203,1.5810127665508305,"[AM-42] Totonac, Filomeno Mata (Totonacan, Totonac) [José Santiago Francisco, p.c.; 1McFarland 2009]",americas,0.01306945457539705,3.0,1.0
90,90,1,2,4,8,7,3,0,6,5,0.3854389219649363,1.719030553038576,"[AM-18]  Inuktitut, Western Canadian (Eskimo-Aleut, Eskimo) ",americas,0.0,1.0,1.0
91,91,2,8,5,7,3,6,1,0,4,0.38543892196493656,1.7190305530385759,"[AM-15]  Garifuna (Arawakan, Caribbean Arawakan) ",americas,0.0,1.0,1.0
92,92,1,2,3,0,2,4,0,2,4,0.2615918576968499,1.3435843355906154,"[AM-45]  Tzotzil, Zinacantán (Mayan, Cholan-Tzeltalan)",americas,0.07049249496562843,2.0,1.0
93,93,3,2,2,3,2,2,0,1,1,0.2650258319332758,0.9627697664926144,"[AM-35]  Parecís (Arawakan, Central Maipuran) ",americas,0.0020907124057859858,1.0,1.0
94,94,7,5,2,4,8,6,1,0,3,0.3854389219649363,1.7190305530385759,"Apache, San Carlos (Athabaskan-Eyak-Tlingit, Athabaskan) ",americas,0.0,1.0,1.0
95,95,2,5,5,1,4,4,3,0,0,0.34300064998375634,1.5173487714785214,"[AM-11]  Cree (Algic, Algonquian) ",americas,0.014166525623388281,1.0,1.0
96,96,0,1,4,5,6,2,7,8,3,0.3854389219649368,1.7190305530385763,"[AM-17]  Hualapai (Cochimi-Yuman, Yuman) ",americas,0.0,1.0,1.0
97,97,2,1,3,2,1,0,2,1,0,0.2110715523526555,0.9037547217674198,"[AM-48]  Yine (Arawakan, Purus)",americas,0.04283830415870298,2.0,1.0
98,98,0,1,2,0,1,2,0,1,2,0.20461198139700654,0.8448628726782395,"[AM-49]  Yucatec Maya (Mayan, Yucatecan) ",americas,0.03741932470544816,1.0,1.0
99,99,3,4,4,0,5,5,2,1,1,0.3430006499837557,1.5173487714785212,"[AM-14] Dakota (Siouan, Core Siouan)",americas,0.014166525623419624,1.0,1.0
100,100,0,2,2,0,4,4,1,3,3,0.2913978583123309,1.1518417785966784,"[AM-33]  Osage (Siouan, Core Siouan) ",americas,0.013358650368974023,2.0,1.0
101,101,5,2,4,5,2,4,1,3,0,0.3074974045392005,1.1645392933887269,"[AM-29]  Mutsun (Penutian, Costanoan)",americas,2.1073424255447014e-08,1.0,1.0
102,102,0,2,2,1,2,2,1,2,2,0.21258349300277055,1.0827147542022213,"[AM-13] Cubeo (Tucanoan, Western Tucanoan) ",americas,0.07704850136538947,2.0,1.0
103,103,0,2,1,0,2,1,0,2,1,0.2046119813970061,0.8448628726782395,"[AM-34]  Otomí, Sierra (Oto-Manguean, Otomian)",americas,0.03741932470544816,1.0,1.0
104,104,3,6,8,2,7,5,1,0,4,0.385438921964937,1.719030553038576,"[AM-20]  Klamath (Penutian, Klamath-Modoc) ",americas,0.0,1.0,1.0
105,105,2,4,0,2,4,0,1,3,5,0.3074974045392005,1.1645392933887269,"[AM-25]  Lenca, Honduran (reconstructed) (Lencan)",americas,2.1073424255447014e-08,1.0,1.0
106,106,4,5,5,1,0,0,3,2,2,0.3430006499837568,1.5173487714785214,"[AM-46]  Wapishana (Arawakan, Northern Maipurean)",americas,0.014166525623403953,1.0,1.0
107,107,4,2,7,8,6,3,1,5,0,0.3854389219649361,1.719030553038576,"Arapaho (Algic, Algonquian) ",americas,0.0,1.0,1.0
108,108,3,4,1,3,4,1,2,5,0,0.3074974045391998,1.1645392933887269,"[AM-37]  Popoluca, Highland (Mixe-Zoque) ",americas,2.1073424255447014e-08,1.0,1.0
109,109,0,1,1,0,1,1,0,1,1,0.16206318765857666,0.6428851403790256,"Ch’ol, Tila (Mayan, Cholan-Tzeltalan) ",americas,0.038775539006686614,1.0,1.0
110,110,0,1,1,0,1,1,0,1,1,0.16206318765857666,0.6428851403790256,"[AM-30] Nahuatl, Guerrero (Uto-Aztecan, Aztec) ",americas,0.038775539006686614,1.0,1.0
111,111,6,1,2,3,0,4,5,5,5,0.36914658498625297,1.647613125628911,"[AM-28]  Musqueam (Salishan, Central Salish)",americas,0.006328346784292196,1.0,2.0
112,112,2,7,6,4,0,1,3,0,5,0.3620795470468403,1.6713847319926405,Bora (Boran),americas,0.01661551681573746,2.0,1.0
113,113,1,7,2,0,8,5,3,4,6,0.3854389219649361,1.7190305530385759,"[AM-38]  Quechua, Yauyos (Quechuan, Central Quechua I)",americas,0.0,1.0,1.0
114,114,8,4,1,5,2,0,6,3,7,0.38543892196493656,1.7190305530385763,[AM-26]  Mapudungun (Araucanian) ,americas,0.0,1.0,1.0
115,115,8,4,3,0,6,5,7,2,1,0.38543892196493656,1.7190305530385759,"[AM-24]  Lakota (Siouan, Core Siouan)",americas,0.0,1.0,1.0
116,116,6,1,5,2,7,8,0,4,3,0.3854389219649368,1.7190305530385763,"[AM-21]  Kodiak Alutiiq (Eskimo-Aleut, Aleut) ",americas,0.0,1.0,1.0
117,117,5,3,6,2,4,6,7,1,0,0.3783086381297491,1.6674491605576172,"[AM-10] Comanche (Uto-Aztecan, Numic) ",americas,0.0,2.0,1.0
118,118,1,0,2,3,0,2,1,0,2,0.2691296959037852,1.2358134755567534,"[AM-36]  Pipil (Uto-Aztecan, Aztecan)",americas,0.04797058379273585,2.0,1.0
119,119,3,2,2,0,1,1,4,5,5,0.34300064998375634,1.5173487714785214,"[AM-19]  Kamaiura (Tupian, Tupi-Guarani)  ",americas,0.014166525623388281,1.0,1.0
120,120,2,5,5,3,0,0,1,4,4,0.3430006499837568,1.5173487714785214,"[AM-32]  Nez Perce (Penutian, Sahaptian)",americas,0.014166525623403953,1.0,1.0
121,121,3,4,1,7,4,2,5,6,0,0.3662304800458136,1.5816276787515289,"[AM-41]  Tohono O'Odham  (Uto-Aztecan, Tepiman) ",americas,0.0006538959559801551,2.0,1.0
122,122,3,7,4,3,6,2,1,5,0,0.3338361302935109,1.3535235601567333,"[AM-43]  Totonac, Upper Necaxa (Totonacan, Totonac) ",americas,0.0011873467541818152,2.0,1.0
123,123,3,2,2,3,2,2,0,1,1,0.2650258319332758,0.9627697664926144,"[AM-16]  Guaraní (Paraguay) (Tupian, Tupi-Guarani)",americas,0.0020907124057859858,1.0,1.0
124,124,3,4,4,2,5,5,0,1,1,0.3430006499837557,1.5173487714785212,"[AM-22]  Kumeyaay (Cochimi-Yuman, Yuman) ",americas,0.014166525623419624,1.0,1.0
125,125,2,0,4,2,0,4,5,1,3,0.3074974045392005,1.1645392933887269,"[AM-23]  Kuna, Border (Chibchan, Core Chibchan)",americas,2.1073424255447014e-08,1.0,1.0
126,126,2,1,3,2,1,0,2,1,0,0.2110715523526555,0.9037547217674198,[AM-27]  Movima (Movima),americas,0.04283830415870298,2.0,1.0
127,127,0,4,4,5,1,1,2,3,3,0.3430006499837559,1.5173487714785212,"Blackfoot (Algic, Algonquian) ",americas,0.014166525623388281,1.0,1.0
128,128,7,6,3,1,2,0,8,4,5,0.38543892196493656,1.719030553038576,"[AM-44]  Trio (Cariban, Guianan)",americas,0.0,1.0,1.0
129,129,8,6,0,3,2,5,1,7,4,0.38543892196493656,1.7190305530385759,[AM-50]  Yuracaré (Yuracaré) ,americas,0.0,1.0,1.0
130,130,4,5,5,2,1,1,0,3,3,0.34300064998375634,1.5173487714785214,[AM-39]  Sahaptin (Yakima Ichishkíin) (Penutian) ,americas,0.014166525623388281,1.0,1.0
131,131,0,1,3,0,1,3,4,2,5,0.3074974045392003,1.164539293388727,"[AM-40]  Shipibo-Konibo (Pano-Tacanan, Panoan) ",americas,1.4901161193847656e-08,1.0,1.0
132,132,0,1,1,0,1,1,0,1,1,0.16206318765857666,0.6428851403790256,Bambara (Mande),africa,0.038775539006686614,1.0,1.0
133,133,5,3,3,0,2,2,1,4,4,0.3430006499837561,1.5173487714785212,"Amharic (Afro-Asiatic, Semitic)",africa,0.014166525623403953,1.0,1.0
134,134,6,7,2,0,3,4,8,5,1,0.385438921964937,1.7190305530385759,"Tamasheq, Tadraq (Afro-Asiatic, Berber)",africa,0.0,1.0,1.0
135,135,2,3,3,2,3,3,0,1,1,0.2650258319332759,0.9627697664926144,"Afar (Afro-Asiatic, Cushitic) ",africa,0.0020907124057859858,1.0,1.0
136,136,1,3,3,1,3,3,2,0,0,0.26502583193327545,0.9627697664926144,"Ò̩ko̩ (Atlantic-Congo, Oko-Eni-Osayen)",africa,0.0020907124057859858,1.0,1.0
137,137,1,0,0,1,0,0,1,0,0,0.16206318765857666,0.6428851403790256,"	Kabiyé (Atlantic-Congo, Gur)",africa,0.038775539006686614,1.0,1.0
138,138,4,0,0,5,1,1,2,3,3,0.3430006499837561,1.5173487714785212,Wolaytta (Ta-Ne-Omotic),africa,0.014166525623403953,1.0,1.0
139,139,0,1,1,0,1,1,3,2,2,0.2650258319332758,0.9627697664926146,"Munukutuba (Atlantic-Congo, Bantu)",africa,0.0020907124057859858,1.0,1.0
140,140,1,2,2,4,2,2,0,3,3,0.3166286236047,1.3282767593744578,Maale (Ta-Ne-Omotic),africa,0.013883349436994598,2.0,1.0
141,141,1,0,0,1,0,0,1,0,0,0.16206318765857666,0.6428851403790256,"Sango (Atlantic-Congo, Ubangi)",africa,0.038775539006686614,1.0,1.0
142,142,3,5,0,3,2,1,3,2,4,0.2362026085845117,1.0793930841283559,"Malagasy (Austronesian, Greater Barito)",africa,0.05326238708768565,3.0,1.0
143,143,0,1,1,0,1,1,3,2,2,0.2650258319332758,0.9627697664926146,"Gidar (Afro-Asiatic, Chadic)",africa,0.0020907124057859858,1.0,1.0
144,144,6,7,3,1,2,8,4,5,0,0.38543892196493656,1.7190305530385759,"Khoekhoe, Nama (Khoe-Kwadi)",africa,0.0,1.0,1.0
145,145,1,5,5,4,0,0,3,2,2,0.34300064998375634,1.5173487714785214,"Zay (Afro-Asiatic, Semitic)",africa,0.014166525623388281,1.0,1.0
146,146,3,0,0,3,0,0,1,2,2,0.2650258319332753,0.9627697664926144,"Fulfulde, Adamawa (Atlantic-Congo, North Atlantic)",africa,0.0020907124057859858,1.0,1.0
147,147,1,3,3,1,3,3,0,2,2,0.26502583193327545,0.9627697664926148,Nobiin (Nubian),africa,0.0020907124057859858,1.0,1.0
148,148,1,0,0,1,0,0,1,0,0,0.16206318765857666,0.6428851403790256,Loma (Mande),africa,0.038775539006686614,1.0,1.0
149,149,2,3,3,2,3,3,0,1,1,0.2650258319332759,0.9627697664926144,"Somali (Afro-Asiatic, Cushitic)",africa,0.0020907124057859858,1.0,1.0
150,150,6,7,4,2,0,5,8,1,3,0.385438921964937,1.719030553038576,"Ngizim (Afro-Asiatic, Chadic)",africa,0.0,1.0,1.0
151,151,0,1,1,0,1,1,0,1,1,0.16206318765857666,0.6428851403790256,Susu (Mande),africa,0.038775539006686614,1.0,1.0
152,152,1,2,3,0,4,5,0,4,5,0.2795365787352788,1.5043722175153416,Balese (Central Sudanic),africa,0.07519413436669213,1.0,1.0
153,153,0,1,1,0,2,2,0,2,2,0.18651854002957025,0.8627705839045992,"Ewe (Atlantic-Congo, Gbe)",africa,0.05869685519955342,2.0,1.0
154,154,3,2,2,3,2,2,0,1,1,0.2650258319332758,0.9627697664926144,"Miya (Afro-Asiatic, Chadic)",africa,0.0020907124057859858,1.0,1.0
155,155,0,1,1,2,1,1,2,1,1,0.21258349300277013,1.0827147542022213,"Angolar (Indo-European, Lower Guinea Portuguese)",africa,0.07704850136539236,2.0,1.0
156,156,0,5,5,4,1,1,3,2,2,0.34300064998375634,1.5173487714785214,Hamar (South Omotic),africa,0.014166525623388281,1.0,1.0
157,157,0,1,1,0,1,1,0,1,1,0.16206318765857666,0.6428851403790256,Penange (Dogon),africa,0.038775539006686614,1.0,1.0
158,158,3,1,0,3,1,0,5,4,2,0.3074974045392009,1.164539293388727,"Swahili (Atlantic-Congo, Bantu)",africa,1.4901161193847656e-08,1.0,1.0
159,159,1,2,2,0,3,3,1,2,2,0.25711547683377844,1.2314041731541179,"Mambay (Atlantic-Congo, Mbumic)",africa,0.05923467224515248,1.0,1.0
160,160,3,1,1,2,0,0,2,0,0,0.2370388453737644,1.3026001977277946,Bunoge Dogon (Dogon),africa,0.08907716289393937,1.0,1.0
161,161,1,0,0,1,0,0,1,0,0,0.16206318765857666,0.6428851403790256,"Òṇìc̣hà Igbo (Atlantic-Congo, Igboid)",africa,0.038775539006686614,1.0,1.0
162,162,2,1,0,2,1,0,2,1,0,0.2046119813970061,0.8448628726782395,Zialo (Mande),africa,0.03741932470544816,1.0,1.0
163,163,3,0,0,3,0,0,2,1,1,0.2650258319332753,0.9627697664926144,Dime (South Omotic),africa,0.0020907124057859858,1.0,1.0
164,164,1,2,0,1,2,0,1,2,0,0.20461198139700565,0.8448628726782395,"Kaba (Central Sudanic, Saraic)",africa,0.03741932470544816,1.0,1.0
165,165,0,1,1,0,1,1,0,1,1,0.16206318765857666,0.6428851403790256,"Fon (Atlantic-Congo, Gbe)",africa,0.038775539006686614,1.0,1.0
166,166,0,2,1,0,2,1,0,2,1,0.2046119813970061,0.8448628726782395,"Dii (Atlantic-Congo, Central Adamawa)",africa,0.03741932470544816,1.0,1.0
167,167,1,4,4,0,5,5,2,3,3,0.3430006499837561,1.5173487714785212,"Tigrinya (Afro-Asiatic, Semitic)",africa,0.014166525623403953,1.0,1.0
168,168,0,2,1,0,2,1,0,2,1,0.2046119813970061,0.8448628726782395,"Tswana (Atlantic-Congo, Bantu)",africa,0.03741932470544816,1.0,1.0
169,169,2,0,1,2,0,1,2,0,1,0.2046119813970061,0.8448628726782395,Bangime (Bangime),africa,0.03741932470544816,1.0,1.0
170,170,1,2,0,1,2,0,1,2,0,0.20461198139700565,0.8448628726782395,Koyraboro Senni (Songhay),africa,0.03741932470544816,1.0,1.0
171,171,1,0,0,1,0,0,1,0,0,0.16206318765857666,0.6428851403790256,"Gonja (Atlantic-Congo, Guang)",africa,0.038775539006686614,1.0,1.0
172,172,2,1,0,2,1,0,2,1,0,0.2046119813970061,0.8448628726782395,Koyra Chiini (Songhay),africa,0.03741932470544816,1.0,1.0
173,173,0,5,3,2,1,7,8,6,4,0.38543892196493656,1.7190305530385759,"Yoruba (Atlantic-Congo, Defoid)",africa,0.0,1.0,1.0
174,174,1,0,2,1,0,2,4,3,5,0.3074974045392003,1.164539293388727,"Kikuyu (Atlantic-Congo, Bantu)",africa,1.4901161193847656e-08,1.0,1.0
175,175,0,1,1,0,1,1,0,1,1,0.16206318765857666,0.6428851403790256,"Supyire Senoufo (Atlantic-Congo, Gur)",africa,0.038775539006686614,1.0,1.0
176,176,7,0,5,8,6,2,4,1,3,0.3854389219649363,1.7190305530385763,"Hausa (Afro-Asiatic, Chadic)",africa,0.0,1.0,1.0
177,177,1,3,4,1,3,4,0,5,2,0.30749740453920005,1.164539293388727,Lango (Nilotic),africa,0.0,1.0,1.0
178,178,1,2,0,1,2,0,1,2,0,0.20461198139700565,0.8448628726782395,"[OC-6]  Bunaq (Timor-Alor-Pantar, East Timor-Bunaq) ",oceania,0.03741932470544816,1.0,1.0
179,179,2,8,3,6,0,4,5,1,7,0.3854389219649361,1.719030553038576,[OC-45]  Wardaman (Yangmanic),oceania,0.0,1.0,1.0
180,180,3,3,1,4,5,0,2,2,0,0.29985058568812595,1.3186359535497418,"[OC-18]  Kilivila[211] (Austronesian, Oceanic)",oceania,0.029114183423433457,2.0,2.0
181,181,1,0,0,2,3,3,4,5,5,0.34300064998375546,1.5173487714785214,"[OC-32]  Pitjantjatjara (Pama-Nyungan, Wati)",oceania,0.014166525623403953,1.0,1.0
182,182,2,0,0,4,3,3,5,1,1,0.3430006499837557,1.5173487714785212,[OC-10]  Dyirbal (Pama-Nyungan),oceania,0.014166525623419624,1.0,1.0
183,183,7,1,4,6,0,8,5,2,3,0.3854389219649361,1.719030553038576,"[OC-11]  Fijian (Austronesian, Oceanic)",oceania,0.0,1.0,1.0
184,184,5,0,0,2,4,4,3,1,1,0.34300064998375657,1.517348771478521,"[OC-16]  Imonda (Border, Waris)",oceania,0.014166525623403953,1.0,1.0
185,185,4,2,2,0,5,5,3,1,1,0.34300064998375523,1.5173487714785212,"[OC-23]  Martuthunira (Pama-Nyungan, Pilbara)",oceania,0.014166525623403953,1.0,1.0
186,186,8,4,6,2,7,5,1,3,0,0.38543892196493656,1.719030553038576,"[OC-47]  Yawuru (Nyulnyulan, Eastern)",oceania,0.0,1.0,1.0
187,187,1,2,5,4,7,6,0,3,0,0.3774474439982143,1.6980864558993618,"Abui (Timor-Alor-Pantar, Alor) ",oceania,0.005048378389612273,1.0,2.0
188,188,3,1,1,0,2,2,0,2,2,0.23703884537376485,1.3026001977277946,"Abau (Sepik, Upper) ",oceania,0.08907716289393812,1.0,1.0
189,189,3,5,5,4,2,2,1,0,0,0.34300064998375634,1.5173487714785214,"[OC-15]  Hawaiian (Austronesian, Oceanic)",oceania,0.014166525623388281,1.0,1.0
190,190,5,3,3,1,4,4,0,2,2,0.3430006499837557,1.5173487714785212,"[OC-26]  Menya (Trans-New Guinea, Angan)",oceania,0.014166525623419624,1.0,1.0
191,191,2,5,5,3,1,1,0,4,4,0.3430006499837568,1.5173487714785214,[OC-36]  Rotokas (North Bougainville),oceania,0.014166525623403953,1.0,1.0
192,192,3,2,1,3,0,1,3,1,1,0.2232169184710866,0.9991645034555928,"[OC-7]  Chamorro (Austronesian, Malayo-Polynesian) ",oceania,0.049964447709032564,2.0,2.0
193,193,3,5,0,2,4,1,2,2,1,0.27970000081000107,1.4785760738849207,"[OC-9]  Doromu-Koki (Trans-New Guinea, Manubaran) ",oceania,0.07142855171699354,2.0,2.0
194,194,1,4,4,5,0,0,2,3,3,0.3430006499837559,1.5173487714785212,"[OC-13]  Garrwa, Western (Garrwan) ",oceania,0.014166525623388281,1.0,1.0
195,195,4,3,3,5,1,1,2,0,0,0.3430006499837561,1.5173487714785212,[OC-38]  Savosavo (Solomon Islands),oceania,0.014166525623403953,1.0,1.0
196,196,3,2,1,7,6,0,5,4,0,0.3782525867715092,1.704180072602366,"[OC-30]  Orokaiva (Trans-New Guinea, Binanderean)",oceania,0.005085669155511995,2.0,1.0
197,197,3,1,1,0,2,2,5,4,4,0.3430006499837561,1.5173487714785214,"[OC-37]  Sa'a (Austronesian, Oceanic)",oceania,0.014166525623388281,1.0,1.0
198,198,6,3,5,0,7,4,8,1,2,0.385438921964937,1.7190305530385759,[OC-17]  Jingulu (Mirndi),oceania,0.0,1.0,1.0
199,199,7,6,2,4,0,1,8,5,3,0.38543892196493656,1.719030553038576,"[OC-48]  Yidiɲ (Pama-Nyungan, Yimidhirr-Yalanji-Yidinic)",oceania,0.0,1.0,1.0
200,200,5,7,8,4,0,2,3,6,1,0.385438921964937,1.7190305530385759,"[OC-50]  Yuwaalaraay (Pama-Nyungan, Wiradhuric)",oceania,0.0,1.0,1.0
201,201,2,2,0,3,3,5,4,4,1,0.2777458454490032,1.1882188111549217,"[OC-39]  South Efate (Austronesian, Oceanic)",oceania,0.03278023447480614,1.0,1.0
202,202,3,7,5,2,0,1,4,6,1,0.3782525867715094,1.704180072602366,[OC-27]  Motuna (South Bougainville),oceania,0.005085669155511995,2.0,1.0
203,203,1,3,3,2,4,4,0,5,5,0.34300064998375634,1.5173487714785212,"[OC-46]  Warrongo (Pama-Nyungan, Maric)",oceania,0.014166525623403953,1.0,1.0
204,204,2,5,4,1,0,7,3,6,6,0.3825520993150677,1.7049330921411625,[OC-25]  Maybrat (Maybrat-Karon) ,oceania,0.0009549675846399287,1.0,2.0
205,205,5,6,2,7,4,8,3,0,1,0.3854389219649363,1.7190305530385763,"[OC-21]  Maori (Southern Cook Islands) (Austronesian, Oceanic)",oceania,0.0,1.0,1.0
206,206,3,8,7,4,1,0,6,2,5,0.38543892196493656,1.7190305530385759,[OC-28]  Ngan'gityemerri (Southern Daly),oceania,0.0,1.0,1.0
207,207,1,4,4,0,5,5,3,2,2,0.3430006499837557,1.5173487714785212,"[OC-43]  Tongan (Austronesian, Oceanic) ",oceania,0.014166525623419624,1.0,1.0
208,208,1,4,2,3,4,2,3,0,2,0.2772279407786029,1.3557233151850498,"[OC-42]  Tok Pisin (Indo-European, Pacific Creole English)",oceania,0.05670110275503441,3.0,1.0
209,209,5,3,1,4,0,2,5,3,1,0.2996611479529769,1.4333355569365334,"[OC-40]  Tidore (West Papuan, North Halmahera)",oceania,0.045341314760091685,1.0,1.0
210,210,2,5,5,4,3,3,0,1,1,0.3430006499837559,1.5173487714785214,"[OC-35]  Rawa (Karo) (Trans-New Guinea, Finisterre-Huon)",oceania,0.014166525623403953,1.0,1.0
211,211,4,5,7,1,2,8,3,6,0,0.3854389219649368,1.7190305530385763,"[OC-19]  Komnzo (Morehead-Wasur, Eastern Tonda)",oceania,0.0,1.0,1.0
212,212,8,3,6,2,4,5,7,1,0,0.38543892196493656,1.7190305530385763,"[OC-5]  Bardi (Nyulnyulan, Western) ",oceania,0.0,1.0,1.0
213,213,7,2,8,3,4,5,6,1,0,0.38543892196493656,1.7190305530385759,"[OC-8]  Djapu (Pama-Nyungan, Yuulngu) ",oceania,0.0,1.0,1.0
214,214,2,3,3,0,0,0,0,1,1,0.21188290946295416,1.1662682223094747,"Awtuw (Sepik, Ram) ",oceania,0.0941638662418701,2.0,2.0
215,215,1,4,6,5,8,3,7,2,0,0.3854389219649361,1.719030553038576,"[OC-49]  Yindjibarndi  (Pama-Nyungan, Pilbara)",oceania,0.0,1.0,1.0
216,216,3,5,1,8,4,7,2,0,6,0.3854389219649363,1.7190305530385763,"Arrernte, Eastern (Pama-Nyungan, Aranda) ",oceania,0.0,1.0,1.0
217,217,5,2,2,4,3,3,0,1,1,0.3430006499837561,1.5173487714785214,"[OC-44]  Wambaya (Mirndi, Ngurlun)",oceania,0.014166525623388281,1.0,1.0
218,218,4,5,5,2,1,1,3,0,0,0.3430006499837568,1.5173487714785214,"[OC-29]  Nii (Trans-New Guinea, Wahgic)",oceania,0.014166525623403953,1.0,1.0
219,219,0,2,4,0,2,1,5,3,1,0.3074413531809608,1.2012702054334754,"[OC-14]  Guugu Yimidhirr (Pama-Nyungan, Yimidhirr-Yalanji-Yidinic)",oceania,0.00521944257444228,2.0,1.0
