,Unnamed: 0,D1_place,D2_place,D3_place,D1_goal,D2_goal,D3_goal,D1_source,D2_source,D3_source,I[U;W],I[M;W],Language,Area,gNID_fit,best_gamma_gNID,fit_informativity_gNID,fit_complexity_gNID,MI_Objective_gNID,dFl_fit,best_gamma_dFl,fit_informativity_dFl,fit_complexity_dFl,MI_Objective_dFl,eta,dist_to_hull,r patterns,theta patterns
0,0,2,0,0,2,0,0,3,1,1,0.21571846746835865,0.9627697664926146,"Polish (Indo-European, Slavic)",europe,0.4254457133196376,10.650048062726018,0.42427649097330544,1.5922292808608693,-1.3346422800630042,0.2884218955160948,3.1260553576639536,0.2158050811133632,0.5662645631669665,0.2884218955160948,0.09226384773033176,0.09332955690660234,1.0,1.0
1,1,3,8,1,4,5,0,2,7,6,0.44171746592799055,1.719030553038576,Catalan,europe,0.0,92.60713095700956,0.44171746592799055,1.719030553038576,-39.18715666015324,-41.91322665732426,98.778655081472,0.43177654379481867,1.634376601922208,-41.91322665732426,-0.4243146115196092,0.02050640517490361,1.0,1.0
2,2,3,0,0,4,2,2,5,1,1,0.39927919394681055,1.5173487714785217,"Swedish (Indo-European, Germanic)",europe,0.06768086989012034,10.650048062726018,0.42427649097330544,1.5922292808608693,-2.7349938345015143,-1.5720151829286446,7.737352712695347,0.3998760214938309,1.372229409284736,-1.5720151829286446,-0.2031722271558465,0.01764192204971665,1.0,1.0
3,3,3,2,2,1,4,4,0,5,5,0.3992791939468103,1.5173487714785214,Estonian (Uralic),europe,0.06768086989012012,10.650048062726018,0.42427649097330544,1.5922292808608693,-2.734993834501513,-1.5720151829286435,7.737352712695347,0.3998760214938309,1.372229409284736,-1.5720151829286435,-0.2031722271558464,0.01764192204971665,1.0,1.0
4,4,5,4,2,0,3,1,5,4,2,0.4064767173810089,1.4333355569365334,"Saami, Skolt (Uralic)",europe,0.02269310285397841,8.857235637842066,0.4033769723289535,1.4010384912933185,-2.166924510203596,-2.166924510203596,8.857235637842066,0.4033769723289535,1.4010384912933185,-2.166924510203596,-0.24465020451138575,0.0,1.0,1.0
5,5,0,5,5,2,3,3,4,1,1,0.3992791939468103,1.5173487714785214,"Lezgian (Nakh-Daghestanian, Daghestanian)",europe,0.06768086989012012,10.650048062726018,0.42427649097330544,1.5922292808608693,-2.734993834501513,-1.5720151829286435,7.737352712695347,0.3998760214938309,1.372229409284736,-1.5720151829286435,-0.2031722271558464,0.01764192204971665,1.0,1.0
6,6,1,0,0,5,3,3,4,2,2,0.3992791939468101,1.5173487714785212,"Sorbian,Upper (Indo-European, Slavic)",europe,0.06768086989012012,10.650048062726018,0.42427649097330544,1.5922292808608693,-2.7349938345015095,-1.5720151829286417,7.737352712695347,0.3998760214938309,1.372229409284736,-1.5720151829286417,-0.2031722271558462,0.01764192204972924,1.0,1.0
7,7,1,4,3,1,4,3,5,2,0,0.25820505350774225,1.1645392933887269,"Scots-Gaelic (Indo-European, Celtic)",europe,0.3152798521659994,8.615692562788277,0.4270163253181436,1.5671473270968392,-1.0600760657922768,0.2291247938783253,3.6227582954039783,0.2586441211440087,0.7103522368003883,0.2291247938783253,0.06324595106689977,0.0919537213741824,1.0,1.0
8,8,4,1,1,2,0,0,5,3,3,0.39927919394681055,1.5173487714785212,"Slovak (Indo-European, Slavic)",europe,0.06768086989012034,10.650048062726018,0.42427649097330544,1.5922292808608693,-2.7349938345015143,-1.572015182928645,7.737352712695347,0.3998760214938309,1.372229409284736,-1.572015182928645,-0.2031722271558466,0.01764192204970406,1.0,1.0
9,9,6,1,7,0,5,3,4,8,2,0.4417174659279908,1.7190305530385763,Turkish (Turkic),europe,-2.220446049250313e-16,86.55487383776054,0.44171746592799055,1.719030553038572,-36.51376898229396,-41.91322665732428,98.778655081472,0.43177654379481867,1.634376601922208,-41.91322665732428,-0.4243146115196094,0.02050640517490361,1.0,1.0
10,10,7,6,5,1,8,4,0,2,3,0.44171746592799105,1.7190305530385757,Basque,europe,0.0,86.55487383776054,0.44171746592799055,1.719030553038572,-36.513768982293975,-41.913226657324294,98.778655081472,0.43177654379481867,1.634376601922208,-41.913226657324294,-0.4243146115196096,0.020506405174925267,1.0,1.0
11,11,2,6,5,3,4,8,1,7,0,0.44171746592799055,1.7190305530385759,"Macedonian (Indo-European, Slavic)",europe,-2.220446049250313e-16,86.55487383776054,0.44171746592799055,1.719030553038572,-36.51376898229394,-41.91322665732426,98.778655081472,0.43177654379481867,1.634376601922208,-41.91322665732426,-0.4243146115196092,0.02050640517490361,1.0,1.0
12,12,2,0,0,2,0,0,1,3,3,0.21571846746835852,0.9627697664926144,"Maltese (Afro-Asiatic, Semitic)",europe,0.4254457133196373,10.650048062726018,0.42427649097330544,1.5922292808608693,-1.3346422800630031,0.288421895516095,3.1260553576639536,0.2158050811133632,0.5662645631669665,0.288421895516095,0.09226384773033182,0.09332955690660354,1.0,1.0
13,13,0,3,5,0,3,5,4,1,2,0.2582050535077427,1.1645392933887269,"Irish (Indo-European, Celtic)",europe,0.3152798521659995,8.615692562788277,0.4270163253181436,1.5671473270968392,-1.0600760657922808,0.22912479387832366,3.6227582954039783,0.2586441211440087,0.7103522368003883,0.22912479387832366,0.06324595106689931,0.0919537213741812,1.0,1.0
14,14,3,4,4,1,2,2,5,0,0,0.3992791939468101,1.5173487714785212,"Romani, Moldovan (Indo-European, Indo-Iranian)",europe,0.06768086989012034,10.650048062726018,0.42427649097330544,1.5922292808608693,-2.7349938345015095,-1.5720151829286417,7.737352712695347,0.3998760214938309,1.372229409284736,-1.5720151829286417,-0.2031722271558462,0.01764192204972924,1.0,1.0
15,15,2,4,4,3,4,4,0,1,1,0.33703016164025607,1.3282767593744575,"Greek, Modern (Indo-European, Graeco-Phrygian)",europe,0.18964507529681865,10.650048062726018,0.42427649097330544,1.5922292808608693,-2.2611106606825877,-0.17175708142807974,4.450740650338782,0.3263432678035545,0.9816650130968556,-0.17175708142807974,-0.03859067398479082,0.047312183364691236,2.0,1.0
16,16,3,0,0,4,1,1,5,2,2,0.39927919394681105,1.5173487714785217,"Norwegian (Indo-European, Germanic)",europe,0.06768086989012034,10.650048062726018,0.42427649097330544,1.5922292808608693,-2.7349938345015192,-1.5720151829286482,7.737352712695347,0.3998760214938309,1.372229409284736,-1.5720151829286482,-0.20317222715584699,0.01764192204970406,1.0,1.0
17,17,5,3,3,2,0,0,4,1,1,0.39927919394681055,1.5173487714785212,"Low German (Indo-European, Germanic)",europe,0.06768086989012034,10.650048062726018,0.42427649097330544,1.5922292808608693,-2.7349938345015143,-1.572015182928645,7.737352712695347,0.3998760214938309,1.372229409284736,-1.572015182928645,-0.2031722271558466,0.01764192204970406,1.0,1.0
18,18,5,4,2,5,4,2,1,3,0,0.25820505350774225,1.1645392933887269,"French (Indo-European, Romance)",europe,0.3152798521659995,8.615692562788277,0.4270163253181436,1.5671473270968392,-1.0600760657922768,0.2291247938783253,3.6227582954039783,0.2586441211440087,0.7103522368003883,0.2291247938783253,0.06324595106689977,0.0919537213741824,1.0,1.0
19,19,2,0,0,2,0,0,1,3,3,0.21571846746835852,0.9627697664926144,"Albanian (Indo-European, Albanian)",europe,0.4254457133196373,10.650048062726018,0.42427649097330544,1.5922292808608693,-1.3346422800630031,0.288421895516095,3.1260553576639536,0.2158050811133632,0.5662645631669665,0.288421895516095,0.09226384773033182,0.09332955690660354,1.0,1.0
20,20,1,3,3,1,3,3,2,0,0,0.21571846746835852,0.9627697664926144,"English (Indo-European, Germanic)",europe,0.4254457133196376,10.650048062726018,0.42427649097330544,1.5922292808608693,-1.3346422800630031,0.288421895516095,3.1260553576639536,0.2158050811133632,0.5662645631669665,0.288421895516095,0.09226384773033182,0.09332955690660354,1.0,1.0
21,21,0,3,3,2,1,1,4,5,5,0.3992791939468103,1.5173487714785214,"Rumantsch (Indo-European, Romance)",europe,0.06768086989012012,10.650048062726018,0.42427649097330544,1.5922292808608693,-2.734993834501513,-1.5720151829286435,7.737352712695347,0.3998760214938309,1.372229409284736,-1.5720151829286435,-0.2031722271558464,0.01764192204971665,1.0,1.0
22,22,5,3,3,0,4,4,2,1,1,0.39927919394681105,1.5173487714785212,"Latvian (Indo-European, Baltic)",europe,0.06768086989012034,10.650048062726018,0.42427649097330544,1.5922292808608693,-2.73499383450152,-1.5720151829286486,7.737352712695347,0.3998760214938309,1.372229409284736,-1.5720151829286486,-0.20317222715584707,0.01764192204971665,1.0,1.0
23,23,3,0,0,1,5,5,4,2,2,0.3992791939468101,1.5173487714785212,"Slovenian (Indo-European, Slavic)",europe,0.06768086989012034,10.650048062726018,0.42427649097330544,1.5922292808608693,-2.7349938345015095,-1.5720151829286417,7.737352712695347,0.3998760214938309,1.372229409284736,-1.5720151829286417,-0.2031722271558462,0.01764192204972924,1.0,1.0
24,24,0,2,2,5,1,1,4,3,3,0.39927919394681105,1.5173487714785217,"Danish (Indo-European, Germanic)",europe,0.06768086989012012,10.650048062726018,0.42427649097330544,1.5922292808608693,-2.7349938345015192,-1.5720151829286482,7.737352712695347,0.3998760214938309,1.372229409284736,-1.5720151829286482,-0.20317222715584699,0.01764192204970406,1.0,1.0
25,25,0,2,6,7,1,4,5,3,8,0.4417174659279903,1.7190305530385759,Finnish (Uralic),europe,0.0,92.60713095700956,0.44171746592799055,1.719030553038576,-39.18715666015322,-41.913226657324245,98.778655081472,0.43177654379481867,1.634376601922208,-41.913226657324245,-0.42431461151960903,0.02050640517491444,1.0,1.0
26,26,2,5,5,1,0,0,4,3,3,0.3992791939468103,1.5173487714785214,"Faroese (Indo-European, Germanic)",europe,0.0676808698901199,10.650048062726018,0.42427649097330544,1.5922292808608693,-2.734993834501513,-1.5720151829286435,7.737352712695347,0.3998760214938309,1.372229409284736,-1.5720151829286435,-0.2031722271558464,0.01764192204971665,1.0,1.0
27,27,4,0,0,5,1,1,2,3,3,0.3992791939468101,1.5173487714785212,"Ukrainian (Indo-European, Slavic)",europe,0.06768086989012012,10.650048062726018,0.42427649097330544,1.5922292808608693,-2.7349938345015095,-1.5720151829286417,7.737352712695347,0.3998760214938309,1.372229409284736,-1.5720151829286417,-0.2031722271558462,0.01764192204972924,1.0,1.0
28,28,2,1,1,3,0,0,4,5,5,0.3992791939468103,1.5173487714785214,"Lithuanian (Indo-European, Baltic)",europe,0.06768086989011968,10.650048062726018,0.42427649097330544,1.5922292808608693,-2.734993834501513,-1.5720151829286435,7.737352712695347,0.3998760214938309,1.372229409284736,-1.5720151829286435,-0.2031722271558464,0.01764192204971665,1.0,1.0
29,29,3,2,2,3,2,2,1,0,0,0.215718467468359,0.9627697664926144,"Italian (Indo-European, Romance)   ",europe,0.42544571331963776,10.650048062726018,0.42427649097330544,1.5922292808608693,-1.3346422800630076,0.28842189551609354,3.1260553576639536,0.2158050811133632,0.5662645631669665,0.28842189551609354,0.09226384773033136,0.09332955690660294,1.0,1.0
30,30,5,0,0,1,2,2,4,3,3,0.3992791939468101,1.5173487714785214,"Slavomolisano (Indo-European, Slavic)",europe,0.06768086989012034,10.650048062726018,0.42427649097330544,1.5922292808608693,-2.7349938345015095,-1.5720151829286415,7.737352712695347,0.3998760214938309,1.372229409284736,-1.5720151829286415,-0.20317222715584615,0.01764192204971665,1.0,1.0
31,31,2,0,0,5,4,4,3,1,1,0.39927919394681055,1.5173487714785212,"Croatian (Indo-European, Slavic)",europe,0.06768086989012034,10.650048062726018,0.42427649097330544,1.5922292808608693,-2.7349938345015143,-1.572015182928645,7.737352712695347,0.3998760214938309,1.372229409284736,-1.572015182928645,-0.2031722271558466,0.01764192204970406,1.0,1.0
32,32,3,2,2,3,2,2,0,1,1,0.215718467468359,0.9627697664926144,"Welsh (Indo-European, Celtic)",europe,0.4254457133196376,10.650048062726018,0.42427649097330544,1.5922292808608693,-1.3346422800630076,0.28842189551609354,3.1260553576639536,0.2158050811133632,0.5662645631669665,0.28842189551609354,0.09226384773033136,0.09332955690660294,1.0,1.0
33,33,1,0,0,5,4,4,3,2,2,0.3992791939468101,1.5173487714785212,"Icelandic (Indo-European, Germanic)",europe,0.06768086989012012,10.650048062726018,0.42427649097330544,1.5922292808608693,-2.7349938345015095,-1.5720151829286417,7.737352712695347,0.3998760214938309,1.372229409284736,-1.5720151829286417,-0.2031722271558462,0.01764192204972924,1.0,1.0
34,34,5,3,3,2,0,0,1,4,4,0.3992791939468101,1.5173487714785212,"Dutch (Indo-European, Germanic)",europe,0.06768086989012034,10.650048062726018,0.42427649097330544,1.5922292808608693,-2.7349938345015095,-1.5720151829286417,7.737352712695347,0.3998760214938309,1.372229409284736,-1.5720151829286417,-0.2031722271558462,0.01764192204972924,1.0,1.0
35,35,3,5,5,2,1,1,4,0,0,0.3992791939468103,1.5173487714785214,"Romanian (Indo-European, Romance) ",europe,0.0676808698901199,10.650048062726018,0.42427649097330544,1.5922292808608693,-2.734993834501513,-1.5720151829286435,7.737352712695347,0.3998760214938309,1.372229409284736,-1.5720151829286435,-0.2031722271558464,0.01764192204971665,1.0,1.0
36,36,4,1,1,0,3,3,2,5,5,0.3992791939468103,1.5173487714785214,"Russian (Indo-European, Slavic)",europe,0.06768086989011968,10.650048062726018,0.42427649097330544,1.5922292808608693,-2.734993834501513,-1.5720151829286435,7.737352712695347,0.3998760214938309,1.372229409284736,-1.5720151829286435,-0.2031722271558464,0.01764192204971665,1.0,1.0
37,37,8,0,1,7,4,5,6,3,2,0.44171746592799055,1.7190305530385759,"Old Church Slavonic (Indo-European, Slavic)",europe,0.0,86.55487383776054,0.44171746592799055,1.719030553038572,-36.51376898229394,-41.91322665732426,98.778655081472,0.43177654379481867,1.634376601922208,-41.91322665732426,-0.4243146115196092,0.02050640517490361,1.0,1.0
38,38,2,0,0,1,4,4,5,3,3,0.39927919394681055,1.5173487714785212,"Sorbian, Lower (Indo-European, Slavic)",europe,0.06768086989012034,10.650048062726018,0.42427649097330544,1.5922292808608693,-2.7349938345015143,-1.572015182928645,7.737352712695347,0.3998760214938309,1.372229409284736,-1.572015182928645,-0.2031722271558466,0.01764192204970406,1.0,1.0
39,39,2,0,0,3,0,0,4,1,1,0.3370301616402567,1.328276759374458,"Czech (Indo-European, Slavic)",europe,0.18964507529681907,10.650048062726018,0.42427649097330544,1.5922292808608693,-2.2611106606825944,-0.17175708142808244,4.450740650338782,0.3263432678035545,0.9816650130968556,-0.17175708142808244,-0.03859067398479142,0.04731218336468889,2.0,1.0
40,40,3,2,2,1,5,5,0,4,4,0.3992791939468103,1.5173487714785214,Hungarian (Uralic),europe,0.06768086989012012,10.650048062726018,0.42427649097330544,1.5922292808608693,-2.734993834501513,-1.5720151829286435,7.737352712695347,0.3998760214938309,1.372229409284736,-1.5720151829286435,-0.2031722271558464,0.01764192204971665,1.0,1.0
41,41,0,1,2,0,1,2,0,1,2,0.20449018352098847,0.8448628726782395,Adyghe (Abkhaz-Adyge),europe,0.4003768838585018,5.5355669545322685,0.3747510420366513,1.2129361709454731,-0.28710622974678346,0.22495535804479427,3.0314781079445763,0.2039540903842174,0.529793636999518,0.22495535804479427,0.0742064926859459,0.07328459518666537,1.0,1.0
42,42,0,3,8,7,2,5,1,4,6,0.4417174659279908,1.7190305530385759,"German (Indo-European, Germanic)",europe,0.0,86.55487383776054,0.44171746592799055,1.719030553038572,-36.51376898229396,-41.91322665732428,98.778655081472,0.43177654379481867,1.634376601922208,-41.91322665732428,-0.4243146115196094,0.02050640517490361,1.0,1.0
43,43,4,0,0,5,1,1,2,3,3,0.3992791939468101,1.5173487714785212,Belarusian,europe,0.06768086989012012,10.650048062726018,0.42427649097330544,1.5922292808608693,-2.7349938345015095,-1.5720151829286417,7.737352712695347,0.3998760214938309,1.372229409284736,-1.5720151829286417,-0.2031722271558462,0.01764192204972924,1.0,1.0
44,44,0,2,2,4,5,5,3,1,1,0.39927919394681105,1.5173487714785212,"Serbian (Indo-European, Slavic)",europe,0.06768086989012034,10.650048062726018,0.42427649097330544,1.5922292808608693,-2.73499383450152,-1.5720151829286486,7.737352712695347,0.3998760214938309,1.372229409284736,-1.5720151829286486,-0.20317222715584707,0.01764192204971665,1.0,1.0
45,45,4,0,0,5,2,2,3,1,1,0.39927919394681055,1.5173487714785214,Bulgarian,europe,0.06768086989012034,10.650048062726018,0.42427649097330544,1.5922292808608693,-2.7349938345015143,-1.5720151829286448,7.737352712695347,0.3998760214938309,1.372229409284736,-1.5720151829286448,-0.20317222715584654,0.01764192204971665,1.0,1.0
46,46,3,0,5,3,0,5,2,4,1,0.2582050535077427,1.1645392933887269,"Thai (Tai-Kadai, Daic)",asia,0.3152798521659995,8.615692562788277,0.4270163253181436,1.5671473270968392,-1.0600760657922808,0.22912479387832366,3.6227582954039783,0.2586441211440087,0.7103522368003883,0.22912479387832366,0.06324595106689931,0.0919537213741812,1.0,1.0
47,47,3,0,0,3,0,0,2,1,1,0.21571846746835852,0.9627697664926144,"Nicobarese, Car (Austroasiatic, Nicobaric)",asia,0.42544571331963776,10.650048062726018,0.42427649097330544,1.5922292808608693,-1.3346422800630031,0.288421895516095,3.1260553576639536,0.2158050811133632,0.5662645631669665,0.288421895516095,0.09226384773033182,0.09332955690660354,1.0,1.0
48,48,1,5,5,0,4,4,2,3,3,0.39927919394681055,1.5173487714785212,Manchu (Tungusic),asia,0.06768086989012012,10.650048062726018,0.42427649097330544,1.5922292808608693,-2.7349938345015143,-1.572015182928645,7.737352712695347,0.3998760214938309,1.372229409284736,-1.572015182928645,-0.2031722271558466,0.01764192204970406,1.0,1.0
49,49,0,1,1,0,1,1,3,2,2,0.2157184674683591,0.9627697664926146,"Apatani (Sino-Tibetan, Macro-Tani)",asia,0.42544571331963776,10.650048062726018,0.42427649097330544,1.5922292808608693,-1.334642280063009,0.2884218955160933,3.1260553576639536,0.2158050811133632,0.5662645631669665,0.2884218955160933,0.09226384773033128,0.09332955690660234,1.0,1.0
50,50,4,1,1,0,3,3,5,2,2,0.3992791939468101,1.5173487714785214,"Ostyak (Uralic, Khantyic)",asia,0.06768086989012034,10.650048062726018,0.42427649097330544,1.5922292808608693,-2.7349938345015095,-1.5720151829286415,7.737352712695347,0.3998760214938309,1.372229409284736,-1.5720151829286415,-0.20317222715584615,0.01764192204971665,1.0,1.0
51,51,1,0,5,1,0,5,2,3,4,0.2582050535077427,1.1645392933887269,"Baba Malay (Austronesian, Malayo-Sumbawan)",asia,0.3152798521659995,8.615692562788277,0.4270163253181436,1.5671473270968392,-1.0600760657922808,0.22912479387832366,3.6227582954039783,0.2586441211440087,0.7103522368003883,0.22912479387832366,0.06324595106689931,0.0919537213741812,1.0,1.0
52,52,0,3,3,2,1,1,4,5,5,0.3992791939468103,1.5173487714785214,"Temiar (Austroasiatic, Aslian)",asia,0.06768086989012012,10.650048062726018,0.42427649097330544,1.5922292808608693,-2.734993834501513,-1.5720151829286435,7.737352712695347,0.3998760214938309,1.372229409284736,-1.5720151829286435,-0.2031722271558464,0.01764192204971665,1.0,1.0
53,53,6,7,8,1,0,3,4,5,2,0.44171746592799105,1.7190305530385759,"Yukaghir, Kolyma (Yukaghir)",asia,0.0,86.55487383776054,0.44171746592799055,1.719030553038572,-36.513768982293975,-41.913226657324294,98.778655081472,0.43177654379481867,1.634376601922208,-41.913226657324294,-0.4243146115196096,0.02050640517491444,1.0,1.0
54,54,5,4,1,7,3,0,8,6,2,0.44171746592799055,1.719030553038576,"Burushaski, Yasin (Burushaski)",asia,-2.220446049250313e-16,86.55487383776054,0.44171746592799055,1.719030553038572,-36.51376898229394,-41.91322665732426,98.778655081472,0.43177654379481867,1.634376601922208,-41.91322665732426,-0.4243146115196092,0.02050640517490361,1.0,1.0
55,55,4,8,2,7,5,0,6,1,3,0.44171746592799055,1.719030553038576,"Arabic, Modern Standard (Afro-Asiatic, Semitic)",asia,2.220446049250313e-16,91.75753988736624,0.4417174659279903,1.7190305530385754,-38.81187744579535,-41.91322665732426,98.778655081472,0.43177654379481867,1.634376601922208,-41.91322665732426,-0.4243146115196092,0.02050640517490361,1.0,1.0
56,56,6,7,2,5,1,2,3,4,0,0.4248333539709988,1.6674491605576176,"Limbu (Sino-Tibetan, Kiranti)",asia,0.0224255460564996,13.533837178026994,0.43835048878310623,1.6816361189519868,-4.082176279880986,-2.8570464778826152,10.650048062726018,0.42427649097330544,1.5922292808608693,-2.8570464778826152,-0.26826606425204397,0.010809431026393729,2.0,1.0
57,57,6,1,0,5,3,4,7,2,8,0.4417174659279903,1.7190305530385759,"Bantawa (Sino-Tibetan, Kiranti)",asia,0.0,91.75753988736624,0.4417174659279903,1.7190305530385754,-38.811877445795325,-41.913226657324245,98.778655081472,0.43177654379481867,1.634376601922208,-41.913226657324245,-0.42431461151960903,0.02050640517491444,1.0,1.0
58,58,1,0,0,1,0,0,3,2,2,0.2157184674683591,0.9627697664926146,"Khmer (Austroasiatic, Khmeric)",asia,0.42544571331963776,10.650048062726018,0.42427649097330544,1.5922292808608693,-1.334642280063009,0.2884218955160933,3.1260553576639536,0.2158050811133632,0.5662645631669665,0.2884218955160933,0.09226384773033128,0.09332955690660234,1.0,1.0
59,59,8,4,3,7,2,0,1,5,6,0.44171746592799055,1.719030553038576,Tuvinian (Turkic),asia,2.220446049250313e-16,86.55487383776054,0.44171746592799055,1.719030553038572,-36.51376898229394,-41.91322665732426,98.778655081472,0.43177654379481867,1.634376601922208,-41.91322665732426,-0.4243146115196092,0.02050640517490361,1.0,1.0
60,60,2,3,3,4,5,5,1,0,0,0.3992791939468101,1.5173487714785214,Koḍava (Dravidian),asia,0.06768086989012034,10.650048062726018,0.42427649097330544,1.5922292808608693,-2.7349938345015095,-1.5720151829286415,7.737352712695347,0.3998760214938309,1.372229409284736,-1.5720151829286415,-0.20317222715584615,0.01764192204971665,1.0,1.0
61,61,0,3,3,5,4,4,1,2,2,0.3992791939468101,1.5173487714785212,Evenki (Tungusic),asia,0.06768086989012012,10.650048062726018,0.42427649097330544,1.5922292808608693,-2.7349938345015095,-1.5720151829286417,7.737352712695347,0.3998760214938309,1.372229409284736,-1.5720151829286417,-0.2031722271558462,0.01764192204972924,1.0,1.0
62,62,1,7,8,0,3,5,6,4,2,0.44171746592799055,1.719030553038576,"Mundari (Austroasiatic, Mundaic)",asia,-2.220446049250313e-16,92.60713095700956,0.44171746592799055,1.719030553038576,-39.18715666015324,-41.91322665732426,98.778655081472,0.43177654379481867,1.634376601922208,-41.91322665732426,-0.4243146115196092,0.02050640517490361,1.0,1.0
63,63,5,2,2,0,4,4,3,1,1,0.39927919394681055,1.5173487714785212,Udihe (Tungusic),asia,0.06768086989012034,10.650048062726018,0.42427649097330544,1.5922292808608693,-2.7349938345015143,-1.572015182928645,7.737352712695347,0.3998760214938309,1.372229409284736,-1.572015182928645,-0.2031722271558466,0.01764192204970406,1.0,1.0
64,64,0,4,4,2,1,1,3,5,5,0.3992791939468108,1.5173487714785214,Lamut (Tungusic),asia,0.0676808698901199,10.650048062726018,0.42427649097330544,1.5922292808608693,-2.734993834501517,-1.5720151829286466,7.737352712695347,0.3998760214938309,1.372229409284736,-1.5720151829286466,-0.2031722271558468,0.01764192204970406,1.0,1.0
65,65,0,3,3,5,4,4,2,1,1,0.39927919394681055,1.5173487714785212,"Chinese (Sino-Tibetan, Sinitic)",asia,0.06768086989012012,10.650048062726018,0.42427649097330544,1.5922292808608693,-2.7349938345015143,-1.572015182928645,7.737352712695347,0.3998760214938309,1.372229409284736,-1.572015182928645,-0.2031722271558466,0.01764192204970406,1.0,1.0
66,66,8,0,5,2,1,6,3,7,4,0.44171746592799055,1.7190305530385759,Yugh (Yeniseian),asia,-2.220446049250313e-16,92.60713095700956,0.44171746592799055,1.719030553038576,-39.18715666015324,-41.91322665732426,98.778655081472,0.43177654379481867,1.634376601922208,-41.91322665732426,-0.4243146115196092,0.02050640517490361,1.0,1.0
67,67,5,1,0,5,1,0,3,4,2,0.2582050535077425,1.1645392933887269,"Santali (Austroasiatic, Mundaic)",asia,0.3152798521659995,8.615692562788277,0.4270163253181436,1.5671473270968392,-1.0600760657922792,0.2291247938783245,3.6227582954039783,0.2586441211440087,0.7103522368003883,0.2291247938783245,0.06324595106689955,0.0919537213741836,1.0,1.0
68,68,6,0,4,1,8,3,2,7,5,0.44171746592799055,1.719030553038576,"Mualang (Austronesian, Malayo-Sumbawan)",asia,0.0,91.75753988736624,0.4417174659279903,1.7190305530385754,-38.81187744579535,-41.91322665732426,98.778655081472,0.43177654379481867,1.634376601922208,-41.91322665732426,-0.4243146115196092,0.02050640517490361,1.0,1.0
69,69,1,5,0,1,5,0,2,4,3,0.2582050535077429,1.164539293388727,"Wa (Austroasiatic, Palaungic)",asia,0.3152798521659994,8.615692562788277,0.4270163253181436,1.5671473270968392,-1.0600760657922823,0.2291247938783231,3.6227582954039783,0.2586441211440087,0.7103522368003883,0.2291247938783231,0.06324595106689916,0.0919537213741824,1.0,1.0
70,70,2,3,3,4,0,0,5,1,1,0.39927919394681055,1.5173487714785212,"Hebrew (Afro-Asiatic, Semitic)",asia,0.06768086989012034,10.650048062726018,0.42427649097330544,1.5922292808608693,-2.7349938345015143,-1.572015182928645,7.737352712695347,0.3998760214938309,1.372229409284736,-1.572015182928645,-0.2031722271558466,0.01764192204970406,1.0,1.0
71,71,5,0,0,3,2,2,1,4,4,0.3992791939468101,1.5173487714785214,"Vogul (Uralic, Mansi)",asia,0.06768086989012034,10.650048062726018,0.42427649097330544,1.5922292808608693,-2.7349938345015095,-1.5720151829286415,7.737352712695347,0.3998760214938309,1.372229409284736,-1.5720151829286415,-0.20317222715584615,0.01764192204971665,1.0,1.0
72,72,5,7,8,2,1,6,3,0,4,0.44171746592799055,1.719030553038576,Korean (Koreanic),asia,0.0,86.55487383776054,0.44171746592799055,1.719030553038572,-36.51376898229394,-41.91322665732426,98.778655081472,0.43177654379481867,1.634376601922208,-41.91322665732426,-0.4243146115196092,0.02050640517490361,1.0,1.0
73,73,4,1,3,7,5,8,2,6,0,0.44171746592799055,1.7190305530385759,Ainu (Ainu),asia,-2.220446049250313e-16,92.60713095700956,0.44171746592799055,1.719030553038576,-39.18715666015324,-41.91322665732426,98.778655081472,0.43177654379481867,1.634376601922208,-41.91322665732426,-0.4243146115196092,0.02050640517490361,1.0,1.0
74,74,0,1,1,0,1,1,0,1,1,0.16195497424638927,0.6428851403790256,"Hmong Njua (Hmong-Mien, Chuanqiandian)",asia,0.5313487295333342,5.1106049924518295,0.35495740658657304,1.1175363518207242,-0.1848027595569788,0.1882184300794853,2.80736490135731,0.15926939331356094,0.4013777856952068,0.1882184300794853,0.06704451921746442,0.054344263442442295,1.0,1.0
75,75,2,5,5,3,4,4,0,1,1,0.3992791939468103,1.5173487714785217,"Burmese (Tibeto-Burmese, Burmish)",asia,0.0676808698901199,10.650048062726018,0.42427649097330544,1.5922292808608693,-2.7349938345015112,-1.5720151829286433,7.737352712695347,0.3998760214938309,1.372229409284736,-1.5720151829286433,-0.2031722271558464,0.01764192204971665,1.0,1.0
76,76,3,2,2,3,2,2,0,1,1,0.215718467468359,0.9627697664926144,Malayalam (Dravidian),asia,0.4254457133196376,10.650048062726018,0.42427649097330544,1.5922292808608693,-1.3346422800630076,0.28842189551609354,3.1260553576639536,0.2158050811133632,0.5662645631669665,0.28842189551609354,0.09226384773033136,0.09332955690660294,1.0,1.0
77,77,0,2,2,5,1,1,3,4,4,0.3992791939468101,1.5173487714785212,"Vietnamese (Austroasiatic, Vietic)",asia,0.06768086989012012,10.650048062726018,0.42427649097330544,1.5922292808608693,-2.7349938345015095,-1.5720151829286417,7.737352712695347,0.3998760214938309,1.372229409284736,-1.5720151829286417,-0.2031722271558462,0.01764192204972924,1.0,1.0
78,78,2,4,4,1,5,5,0,3,3,0.39927919394681055,1.5173487714785212,"Hindi (Indo-European, Indo-Iranian)",asia,0.06768086989012068,10.650048062726018,0.42427649097330544,1.5922292808608693,-2.7349938345015143,-1.572015182928645,7.737352712695347,0.3998760214938309,1.372229409284736,-1.572015182928645,-0.2031722271558466,0.01764192204970406,1.0,1.0
79,79,3,4,8,0,5,7,6,1,2,0.44171746592799055,1.719030553038576,"Khasi (Austroasiatic, Khasi-Palaung)",asia,-2.220446049250313e-16,92.60713095700956,0.44171746592799055,1.719030553038576,-39.18715666015324,-41.91322665732426,98.778655081472,0.43177654379481867,1.634376601922208,-41.91322665732426,-0.4243146115196092,0.02050640517490361,1.0,1.0
80,80,2,4,5,2,4,5,3,0,1,0.2582050535077427,1.1645392933887269,"Dhimal (Sino-Tibetan, Dhimalish)",asia,0.3152798521659995,8.615692562788277,0.4270163253181436,1.5671473270968392,-1.0600760657922808,0.22912479387832366,3.6227582954039783,0.2586441211440087,0.7103522368003883,0.22912479387832366,0.06324595106689931,0.0919537213741812,1.0,1.0
81,81,0,8,6,1,3,7,5,4,2,0.44171746592799055,1.719030553038576,"Atong (Sino-Tibetan, Brahmaputran)",asia,0.0,86.55487383776054,0.44171746592799055,1.719030553038572,-36.51376898229394,-41.91322665732426,98.778655081472,0.43177654379481867,1.634376601922208,-41.91322665732426,-0.4243146115196092,0.02050640517490361,1.0,1.0
82,82,1,0,0,1,0,0,2,3,3,0.215718467468359,0.9627697664926144,Tamil (Dravidian),asia,0.4254457133196376,10.650048062726018,0.42427649097330544,1.5922292808608693,-1.3346422800630076,0.28842189551609354,3.1260553576639536,0.2158050811133632,0.5662645631669665,0.28842189551609354,0.09226384773033136,0.09332955690660294,1.0,1.0
83,83,5,3,7,2,4,7,0,1,6,0.4248333539709988,1.6674491605576174,"Bengali (Indo-European, Indo-Iranian)",asia,0.0224255460564996,13.533837178026994,0.43835048878310623,1.6816361189519868,-4.082176279880986,-2.8570464778826152,10.650048062726018,0.42427649097330544,1.5922292808608693,-2.8570464778826152,-0.26826606425204397,0.010809431026393729,2.0,1.0
84,84,3,2,2,4,5,5,0,1,1,0.39927919394681055,1.5173487714785212,Telugu (Dravidian),asia,0.06768086989012034,10.650048062726018,0.42427649097330544,1.5922292808608693,-2.7349938345015143,-1.572015182928645,7.737352712695347,0.3998760214938309,1.372229409284736,-1.572015182928645,-0.2031722271558466,0.01764192204970406,1.0,1.0
85,85,1,3,3,5,0,0,4,2,2,0.39927919394681133,1.5173487714785217,"Cantonese (Sino-Tibetan, Sinitic)",asia,0.06768086989012012,10.650048062726018,0.42427649097330544,1.5922292808608693,-2.734993834501524,-1.5720151829286515,7.737352712695347,0.3998760214938309,1.372229409284736,-1.5720151829286515,-0.20317222715584746,0.01764192204971665,1.0,1.0
86,86,2,5,5,4,0,0,3,1,1,0.3992791939468108,1.5173487714785217,"Panjabi (Indo-European, Indo-Iranian)",asia,0.0676808698901199,10.650048062726018,0.42427649097330544,1.5922292808608693,-2.734993834501517,-1.5720151829286464,7.737352712695347,0.3998760214938309,1.372229409284736,-1.5720151829286464,-0.2031722271558468,0.01764192204972924,1.0,1.0
87,87,0,1,1,3,4,4,5,2,2,0.3992791939468101,1.5173487714785212,"Persian (Indo-European, Indo-Iranian)",asia,0.06768086989012034,10.650048062726018,0.42427649097330544,1.5922292808608693,-2.7349938345015095,-1.5720151829286417,7.737352712695347,0.3998760214938309,1.372229409284736,-1.5720151829286417,-0.2031722271558462,0.01764192204972924,1.0,1.0
88,88,2,0,1,2,0,1,2,0,1,0.20449018352098813,0.8448628726782395,"[AM-49]  Yucatec Maya (Mayan, Yucatecan) ",americas,0.4003768838585016,5.5355669545322685,0.3747510420366513,1.2129361709454731,-0.28710622974678146,0.22495535804479527,3.0314781079445763,0.2039540903842174,0.529793636999518,0.22495535804479527,0.07420649268594623,0.07328459518666612,1.0,1.0
89,89,5,3,6,4,7,2,1,8,0,0.4417174659279908,1.7190305530385759,"Arapaho (Algic, Algonquian) ",americas,0.0,91.75753988736624,0.4417174659279903,1.7190305530385754,-38.81187744579537,-41.91322665732428,98.778655081472,0.43177654379481867,1.634376601922208,-41.91322665732428,-0.4243146115196094,0.02050640517490361,1.0,1.0
90,90,6,3,7,6,1,2,5,4,0,0.3204057717560931,1.3535235601567333,"[AM-43]  Totonac, Upper Necaxa (Totonacan, Totonac) ",americas,0.18271955279743346,7.905547539873303,0.4210247331197437,1.5178064838375975,-1.1794595005108552,-0.03789834600770181,4.342686770398276,0.31979823859387824,0.9528943413434094,-0.03789834600770181,-0.008726935192755355,0.06859866023015594,2.0,1.0
91,91,2,3,3,1,4,4,5,0,0,0.3992791939468101,1.5173487714785212,"[AM-19]  Kamaiura (Tupian, Tupi-Guarani)  ",americas,0.06768086989012034,10.650048062726018,0.42427649097330544,1.5922292808608693,-2.7349938345015095,-1.5720151829286417,7.737352712695347,0.3998760214938309,1.372229409284736,-1.5720151829286417,-0.2031722271558462,0.01764192204972924,1.0,1.0
92,92,1,5,5,0,4,4,3,2,2,0.3992791939468103,1.5173487714785214,"[AM-11]  Cree (Algic, Algonquian) ",americas,0.0676808698901199,10.650048062726018,0.42427649097330544,1.5922292808608693,-2.734993834501513,-1.5720151829286435,7.737352712695347,0.3998760214938309,1.372229409284736,-1.5720151829286435,-0.2031722271558464,0.01764192204971665,1.0,1.0
93,93,1,2,2,4,5,5,0,3,3,0.3992791939468101,1.5173487714785212,"[AM-14] Dakota (Siouan, Core Siouan)",americas,0.06768086989012068,10.650048062726018,0.42427649097330544,1.5922292808608693,-2.7349938345015095,-1.5720151829286417,7.737352712695347,0.3998760214938309,1.372229409284736,-1.5720151829286417,-0.2031722271558462,0.01764192204972924,1.0,1.0
94,94,2,7,8,0,6,1,5,3,4,0.4417174659279912,1.7190305530385759,[AM-50]  Yuracaré (Yuracaré) ,americas,0.0,86.55487383776054,0.44171746592799055,1.719030553038572,-36.513768982294,-41.913226657324316,98.778655081472,0.43177654379481867,1.634376601922208,-41.913226657324316,-0.4243146115196098,0.02050640517491444,1.0,1.0
95,95,1,4,0,3,6,2,7,8,5,0.4417174659279903,1.7190305530385763,"[AM-15]  Garifuna (Arawakan, Caribbean Arawakan) ",americas,-2.220446049250313e-16,92.60713095700956,0.44171746592799055,1.719030553038576,-39.18715666015322,-41.913226657324245,98.778655081472,0.43177654379481867,1.634376601922208,-41.913226657324245,-0.42431461151960903,0.02050640517491444,1.0,1.0
96,96,4,7,8,0,1,2,3,5,6,0.44171746592799055,1.7190305530385759,"[AM-38]  Quechua, Yauyos (Quechuan, Central Quechua I)",americas,2.220446049250313e-16,86.55487383776054,0.44171746592799055,1.719030553038572,-36.51376898229394,-41.91322665732426,98.778655081472,0.43177654379481867,1.634376601922208,-41.91322665732426,-0.4243146115196092,0.02050640517490361,1.0,1.0
97,97,0,4,3,0,4,3,1,2,5,0.2582050535077429,1.1645392933887269,"[AM-40]  Shipibo-Konibo (Pano-Tacanan, Panoan) ",americas,0.3152798521659992,8.615692562788277,0.4270163253181436,1.5671473270968392,-1.0600760657922823,0.22912479387832285,3.6227582954039783,0.2586441211440087,0.7103522368003883,0.22912479387832285,0.06324595106689909,0.0919537213741824,1.0,1.0
98,98,0,2,2,0,2,2,3,1,1,0.21571846746835865,0.9627697664926146,"[AM-35]  Parecís (Arawakan, Central Maipuran) ",americas,0.4254457133196376,10.650048062726018,0.42427649097330544,1.5922292808608693,-1.3346422800630042,0.2884218955160948,3.1260553576639536,0.2158050811133632,0.5662645631669665,0.2884218955160948,0.09226384773033176,0.09332955690660234,1.0,1.0
99,99,1,0,2,4,0,3,4,0,3,0.30590661507939965,1.3435843355906152,"[AM-45]  Tzotzil, Zinacantán (Mayan, Cholan-Tzeltalan)",americas,0.15235539319090718,7.411622234662661,0.4119385049304816,1.4505917579271317,-0.9236799344622556,0.0788485440020863,4.134385231454574,0.30507861477319675,0.8905581206074065,0.0788485440020863,0.019071407135020542,0.08084663153185588,2.0,1.0
100,100,1,6,4,8,3,5,7,0,2,0.44171746592799055,1.7190305530385763,"[AM-44]  Trio (Cariban, Guianan)",americas,0.0,86.55487383776054,0.44171746592799055,1.719030553038572,-36.51376898229394,-41.91322665732426,98.778655081472,0.43177654379481867,1.634376601922208,-41.91322665732426,-0.4243146115196092,0.02050640517490361,1.0,1.0
101,101,0,1,1,0,1,1,0,1,1,0.16195497424638927,0.6428851403790256,"Ch’ol, Tila (Mayan, Cholan-Tzeltalan) ",americas,0.5313487295333342,5.1106049924518295,0.35495740658657304,1.1175363518207242,-0.1848027595569788,0.1882184300794853,2.80736490135731,0.15926939331356094,0.4013777856952068,0.1882184300794853,0.06704451921746442,0.054344263442442295,1.0,1.0
102,102,3,2,2,1,5,5,0,4,4,0.3992791939468103,1.5173487714785214,[AM-39]  Sahaptin (Yakima Ichishkíin) (Penutian) ,americas,0.06768086989012012,10.650048062726018,0.42427649097330544,1.5922292808608693,-2.734993834501513,-1.5720151829286435,7.737352712695347,0.3998760214938309,1.372229409284736,-1.5720151829286435,-0.2031722271558464,0.01764192204971665,1.0,1.0
103,103,0,2,2,1,2,2,1,2,2,0.2500366020317157,1.0827147542022213,"[AM-13] Cubeo (Tucanoan, Western Tucanoan) ",americas,0.3185592837741318,7.343626951825726,0.4111155290364574,1.444520364217191,-0.7534607754208096,0.1988838862363652,3.53480594754582,0.2500832582384773,0.6796622223071427,0.1988838862363652,0.056264442571295405,0.08364863791166634,2.0,1.0
104,104,3,4,0,2,8,5,7,1,6,0.44171746592799055,1.7190305530385757,[AM-26]  Mapudungun (Araucanian) ,americas,0.0,92.60713095700956,0.44171746592799055,1.719030553038576,-39.18715666015324,-41.91322665732426,98.778655081472,0.43177654379481867,1.634376601922208,-41.91322665732426,-0.4243146115196092,0.02050640517491444,1.0,1.0
105,105,5,4,2,5,4,2,0,3,1,0.25820505350774225,1.1645392933887269,"[AM-25]  Lenca, Honduran (reconstructed) (Lencan)",americas,0.3152798521659995,8.615692562788277,0.4270163253181436,1.5671473270968392,-1.0600760657922768,0.2291247938783253,3.6227582954039783,0.2586441211440087,0.7103522368003883,0.2291247938783253,0.06324595106689977,0.0919537213741824,1.0,1.0
106,106,5,4,4,0,3,3,2,1,1,0.3992791939468101,1.5173487714785212,"[AM-32]  Nez Perce (Penutian, Sahaptian)",americas,0.06768086989012034,10.650048062726018,0.42427649097330544,1.5922292808608693,-2.7349938345015095,-1.5720151829286417,7.737352712695347,0.3998760214938309,1.372229409284736,-1.5720151829286417,-0.2031722271558462,0.01764192204972924,1.0,1.0
107,107,2,6,3,7,1,3,5,4,0,0.4248333539709988,1.6674491605576176,"[AM-10] Comanche (Uto-Aztecan, Numic) ",americas,0.0224255460564996,13.533837178026994,0.43835048878310623,1.6816361189519868,-4.082176279880986,-2.8570464778826152,10.650048062726018,0.42427649097330544,1.5922292808608693,-2.8570464778826152,-0.26826606425204397,0.010809431026393729,2.0,1.0
108,108,6,5,3,2,0,7,1,0,4,0.41946668360720896,1.6713847319926405,Bora (Boran),americas,0.02109587789914891,13.870583458587024,0.4385063325653391,1.683770814887884,-4.146862911077869,-2.043930526940554,8.857235637842066,0.4033769723289535,1.4010384912933185,-2.043930526940554,-0.2307639325082388,0.0166024640257741,2.0,1.0
109,109,1,6,2,0,5,4,8,3,7,0.4417174659279901,1.7190305530385759,"[AM-17]  Hualapai (Cochimi-Yuman, Yuman) ",americas,0.0,92.60713095700956,0.44171746592799055,1.719030553038576,-39.1871566601532,-41.913226657324216,98.778655081472,0.43177654379481867,1.634376601922208,-41.913226657324216,-0.4243146115196088,0.02050640517491444,1.0,1.0
110,110,4,3,3,1,2,2,5,0,0,0.3992791939468101,1.5173487714785212,"[AM-22]  Kumeyaay (Cochimi-Yuman, Yuman) ",americas,0.06768086989012034,10.650048062726018,0.42427649097330544,1.5922292808608693,-2.7349938345015095,-1.5720151829286417,7.737352712695347,0.3998760214938309,1.372229409284736,-1.5720151829286417,-0.2031722271558462,0.01764192204972924,1.0,1.0
111,111,3,1,1,0,2,2,5,4,4,0.39927919394681055,1.5173487714785214,"[AM-46]  Wapishana (Arawakan, Northern Maipurean)",americas,0.06768086989012034,10.650048062726018,0.42427649097330544,1.5922292808608693,-2.7349938345015143,-1.5720151829286448,7.737352712695347,0.3998760214938309,1.372229409284736,-1.5720151829286448,-0.20317222715584654,0.01764192204971665,1.0,1.0
112,112,2,4,1,7,5,6,3,8,0,0.4417174659279903,1.7190305530385759,"[AM-24]  Lakota (Siouan, Core Siouan)",americas,0.0,92.60713095700956,0.44171746592799055,1.719030553038576,-39.18715666015322,-41.913226657324245,98.778655081472,0.43177654379481867,1.634376601922208,-41.913226657324245,-0.42431461151960903,0.02050640517491444,1.0,1.0
113,113,4,0,2,4,0,2,5,1,3,0.2582050535077425,1.164539293388727,"[AM-23]  Kuna, Border (Chibchan, Core Chibchan)",americas,0.3152798521659994,8.615692562788277,0.4270163253181436,1.5671473270968392,-1.0600760657922788,0.22912479387832474,3.6227582954039783,0.2586441211440087,0.7103522368003883,0.22912479387832474,0.06324595106689962,0.0919537213741812,1.0,1.0
114,114,2,0,3,2,0,1,2,0,1,0.2178249872940743,0.9037547217674198,[AM-27]  Movima (Movima),americas,0.3640038514670638,5.126329738796644,0.3630245963513388,1.150560133228,-0.21288798845119472,0.21862500111768668,3.1453219814711835,0.21798912337347695,0.5731129237761898,0.21862500111768668,0.06950798754645389,0.07777324303262531,2.0,1.0
115,115,2,0,5,2,0,5,4,3,1,0.2582050535077427,1.1645392933887269,"[AM-29]  Mutsun (Penutian, Costanoan)",americas,0.3152798521659995,8.615692562788277,0.4270163253181436,1.5671473270968392,-1.0600760657922808,0.22912479387832366,3.6227582954039783,0.2586441211440087,0.7103522368003883,0.22912479387832366,0.06324595106689931,0.0919537213741812,1.0,1.0
116,116,0,3,3,5,2,2,4,1,1,0.39927919394681055,1.5173487714785212,"Blackfoot (Algic, Algonquian) ",americas,0.06768086989012012,10.650048062726018,0.42427649097330544,1.5922292808608693,-2.7349938345015143,-1.572015182928645,7.737352712695347,0.3998760214938309,1.372229409284736,-1.572015182928645,-0.2031722271558466,0.01764192204970406,1.0,1.0
117,117,4,2,1,4,2,1,5,3,0,0.2582050535077429,1.164539293388727,"[AM-37]  Popoluca, Highland (Mixe-Zoque) ",americas,0.3152798521659994,8.615692562788277,0.4270163253181436,1.5671473270968392,-1.0600760657922823,0.2291247938783231,3.6227582954039783,0.2586441211440087,0.7103522368003883,0.2291247938783231,0.06324595106689916,0.0919537213741824,1.0,1.0
118,118,0,2,2,0,2,2,1,3,3,0.2157184674683588,0.9627697664926148,"[AM-16]  Guaraní (Paraguay) (Tupian, Tupi-Guarani)",americas,0.4254457133196373,10.650048062726018,0.42427649097330544,1.5922292808608693,-1.3346422800630051,0.2884218955160945,3.1260553576639536,0.2158050811133632,0.5662645631669665,0.2884218955160945,0.09226384773033168,0.09332955690660234,1.0,1.0
119,119,8,6,7,1,2,5,3,0,4,0.44171746592799055,1.7190305530385759,"[AM-21]  Kodiak Alutiiq (Eskimo-Aleut, Aleut) ",americas,0.0,86.55487383776054,0.44171746592799055,1.719030553038572,-36.51376898229394,-41.91322665732426,98.778655081472,0.43177654379481867,1.634376601922208,-41.91322665732426,-0.4243146115196092,0.02050640517490361,1.0,1.0
120,120,2,0,4,1,3,4,5,0,4,0.4139399393140764,1.5810127665508302,"[AM-42] Totonac, Filomeno Mata (Totonacan, Totonac) [José Santiago Francisco, p.c.; 1McFarland 2009]",americas,0.01870163940363001,11.678263016827927,0.4297663723889356,1.6064128690053732,-3.2530867179287446,-2.085350815867989,8.857235637842066,0.4033769723289535,1.4010384912933185,-2.085350815867989,-0.23544036775519886,0.011043808367670969,3.0,1.0
121,121,0,1,1,0,1,1,0,1,1,0.16195497424638927,0.6428851403790256,"[AM-30] Nahuatl, Guerrero (Uto-Aztecan, Aztec) ",americas,0.5313487295333342,5.1106049924518295,0.35495740658657304,1.1175363518207242,-0.1848027595569788,0.1882184300794853,2.80736490135731,0.15926939331356094,0.4013777856952068,0.1882184300794853,0.06704451921746442,0.054344263442442295,1.0,1.0
122,122,1,4,4,1,3,3,0,2,2,0.2779674997749129,1.1518417785966784,"[AM-33]  Osage (Siouan, Core Siouan) ",americas,0.3034815079129393,10.650048062726018,0.42427649097330544,1.5922292808608693,-1.8085254538819269,0.09084230558100814,3.816991101027372,0.27669849631337673,0.7774944930665808,0.09084230558100814,0.02379945438084916,0.07005056334602562,2.0,1.0
123,123,8,3,2,4,0,6,7,5,1,0.44171746592799055,1.7190305530385759,"Apache, San Carlos (Athabaskan-Eyak-Tlingit, Athabaskan) ",americas,-2.220446049250313e-16,86.55487383776054,0.44171746592799055,1.719030553038572,-36.51376898229394,-41.91322665732426,98.778655081472,0.43177654379481867,1.634376601922208,-41.91322665732426,-0.4243146115196092,0.02050640517490361,1.0,1.0
124,124,1,2,0,6,2,5,4,3,7,0.3964008596366315,1.5816276787515284,"[AM-41]  Tohono O'Odham  (Uto-Aztecan, Tepiman) ",americas,0.05498577355915157,10.201697654601176,0.4340268156198797,1.6322815446944117,-2.4623340412853856,-1.2413208947495449,7.1214491716511,0.3964013733405607,1.3464941344311832,-1.2413208947495449,-0.17430734459089686,0.02851266281544377,2.0,1.0
125,125,1,2,0,1,2,0,1,2,0,0.2044901835209876,0.8448628726782395,"[AM-34]  Otomí, Sierra (Oto-Manguean, Otomian)",americas,0.4003768838585018,5.5355669545322685,0.3747510420366513,1.2129361709454731,-0.28710622974677835,0.22495535804479694,3.0314781079445763,0.2039540903842174,0.529793636999518,0.22495535804479694,0.07420649268594677,0.07328459518666762,1.0,1.0
126,126,7,5,0,4,3,1,6,8,2,0.4417174659279903,1.7190305530385759,"[AM-18]  Inuktitut, Western Canadian (Eskimo-Aleut, Eskimo) ",americas,0.0,86.55487383776054,0.44171746592799055,1.719030553038572,-36.51376898229392,-41.913226657324245,98.778655081472,0.43177654379481867,1.634376601922208,-41.913226657324245,-0.42431461151960903,0.02050640517491444,1.0,1.0
127,127,0,2,3,0,2,1,0,2,1,0.2178249872940743,0.9037547217674198,"[AM-48]  Yine (Arawakan, Purus)",americas,0.3640038514670638,5.126329738796644,0.3630245963513388,1.150560133228,-0.21288798845119472,0.21862500111768668,3.1453219814711835,0.21798912337347695,0.5731129237761898,0.21862500111768668,0.06950798754645389,0.07777324303262531,2.0,1.0
128,128,0,1,3,2,1,3,0,1,3,0.3396769300388163,1.2358134755567531,"[AM-36]  Pipil (Uto-Aztecan, Aztecan)",americas,0.09131504833970916,6.635616130007511,0.3923039764574523,1.3183702025588735,-1.018152240400249,-0.2760004449492885,4.450740650338782,0.3263432678035545,0.9816650130968556,-0.2760004449492885,-0.06201225068647395,0.02633480957437085,2.0,1.0
129,129,1,4,0,6,2,3,5,5,5,0.4254251289493074,1.647613125628911,"[AM-28]  Musqueam (Salishan, Central Salish)",americas,0.029520282625059683,12.418316046919324,0.4376069806204703,1.6720259688995611,-3.635450579964997,-2.8831849447726268,10.650048062726018,0.42427649097330544,1.5922292808608693,-2.8831849447726268,-0.2707203693158393,0.007872595973096443,1.0,2.0
130,130,0,2,5,6,4,1,3,4,7,0.41946668360720896,1.6713847319926405,"[AM-47]  Yaqui (Uto-Aztecan, Cahitan)",americas,0.021095877899149133,13.870583458587024,0.4385063325653391,1.683770814887884,-4.146862911077869,-2.043930526940554,8.857235637842066,0.4033769723289535,1.4010384912933185,-2.043930526940554,-0.2307639325082388,0.0166024640257741,2.0,1.0
131,131,3,5,7,4,0,1,2,8,6,0.4417174659279903,1.7190305530385763,"[AM-20]  Klamath (Penutian, Klamath-Modoc) ",americas,2.220446049250313e-16,91.75753988736624,0.4417174659279903,1.7190305530385754,-38.811877445795325,-41.913226657324245,98.778655081472,0.43177654379481867,1.634376601922208,-41.913226657324245,-0.42431461151960903,0.02050640517491444,1.0,1.0
132,132,5,3,3,0,1,1,4,2,2,0.39927919394681055,1.5173487714785217,Wolaytta (Ta-Ne-Omotic),africa,0.06768086989012034,10.650048062726018,0.42427649097330544,1.5922292808608693,-2.7349938345015143,-1.5720151829286446,7.737352712695347,0.3998760214938309,1.372229409284736,-1.5720151829286446,-0.2031722271558465,0.01764192204971665,1.0,1.0
133,133,0,1,1,0,1,1,0,1,1,0.16195497424638927,0.6428851403790256,"Òṇìc̣hà Igbo (Atlantic-Congo, Igboid)",africa,0.5313487295333342,5.1106049924518295,0.35495740658657304,1.1175363518207242,-0.1848027595569788,0.1882184300794853,2.80736490135731,0.15926939331356094,0.4013777856952068,0.1882184300794853,0.06704451921746442,0.054344263442442295,1.0,1.0
134,134,0,1,1,3,2,2,0,1,1,0.3639605283766738,1.2314041731541183,"Mambay (Atlantic-Congo, Mbumic)",africa,0.07378280647184242,6.635616130007511,0.3923039764574523,1.3183702025588735,-1.1836981796281951,-0.6286543202231163,5.1106049924518295,0.35495740658657304,1.1175363518207242,-0.6286543202231163,-0.1230097652140236,0.0019252617763557238,1.0,1.0
135,135,2,5,5,1,4,4,3,0,0,0.3992791939468108,1.5173487714785214,"Amharic (Afro-Asiatic, Semitic)",africa,0.06768086989012012,10.650048062726018,0.42427649097330544,1.5922292808608693,-2.734993834501517,-1.5720151829286466,7.737352712695347,0.3998760214938309,1.372229409284736,-1.5720151829286466,-0.2031722271558468,0.01764192204970406,1.0,1.0
136,136,3,7,4,0,8,6,2,5,1,0.44171746592799055,1.719030553038576,"Yoruba (Atlantic-Congo, Defoid)",africa,2.220446049250313e-16,86.55487383776054,0.44171746592799055,1.719030553038572,-36.51376898229394,-41.91322665732426,98.778655081472,0.43177654379481867,1.634376601922208,-41.91322665732426,-0.4243146115196092,0.02050640517490361,1.0,1.0
137,137,0,1,4,0,5,3,0,5,2,0.2589801106755696,1.0793930841283559,"Malagasy (Austronesian, Greater Barito)",africa,0.26548998863483103,5.586821252061998,0.3759574887930772,1.2196452379666742,-0.3674825020552848,0.1382839371165322,3.633905107835764,0.2588915249687598,0.7112505671402091,0.1382839371165322,0.03805381071133407,0.07420480860351487,3.0,1.0
138,138,1,8,7,4,0,3,5,6,2,0.44171746592799105,1.7190305530385763,"Tamasheq, Tadraq (Afro-Asiatic, Berber)",africa,0.0,86.55487383776054,0.44171746592799055,1.719030553038572,-36.513768982293975,-41.913226657324294,98.778655081472,0.43177654379481867,1.634376601922208,-41.913226657324294,-0.4243146115196096,0.02050640517491444,1.0,1.0
139,139,4,3,6,8,7,5,2,1,0,0.44171746592799055,1.719030553038576,"Khoekhoe, Nama (Khoe-Kwadi)",africa,-2.220446049250313e-16,86.55487383776054,0.44171746592799055,1.719030553038572,-36.51376898229394,-41.91322665732426,98.778655081472,0.43177654379481867,1.634376601922208,-41.91322665732426,-0.4243146115196092,0.02050640517490361,1.0,1.0
140,140,0,3,2,0,3,2,5,4,1,0.2582050535077429,1.1645392933887269,"Swahili (Atlantic-Congo, Bantu)",africa,0.3152798521659994,8.615692562788277,0.4270163253181436,1.5671473270968392,-1.0600760657922823,0.22912479387832285,3.6227582954039783,0.2586441211440087,0.7103522368003883,0.22912479387832285,0.06324595106689909,0.0919537213741824,1.0,1.0
141,141,1,0,0,2,0,0,2,0,0,0.2500366020317157,1.0827147542022213,"Angolar (Indo-European, Lower Guinea Portuguese)",africa,0.3185592837741321,7.343626951825726,0.4111155290364574,1.444520364217191,-0.7534607754208096,0.1988838862363652,3.53480594754582,0.2500832582384773,0.6796622223071427,0.1988838862363652,0.056264442571295405,0.08364863791166634,2.0,1.0
142,142,0,1,8,2,6,3,4,5,7,0.4417174659279908,1.7190305530385763,"Hausa (Afro-Asiatic, Chadic)",africa,0.0,86.55487383776054,0.44171746592799055,1.719030553038572,-36.51376898229396,-41.91322665732428,98.778655081472,0.43177654379481867,1.634376601922208,-41.91322665732428,-0.4243146115196094,0.02050640517490361,1.0,1.0
143,143,0,2,1,0,2,1,0,2,1,0.204490183520988,0.8448628726782395,"Kaba (Central Sudanic, Saraic)",africa,0.4003768838585018,5.5355669545322685,0.3747510420366513,1.2129361709454731,-0.2871062297467808,0.2249553580447956,3.0314781079445763,0.2039540903842174,0.529793636999518,0.2249553580447956,0.07420649268594634,0.07328459518666762,1.0,1.0
144,144,3,1,1,3,1,1,2,0,0,0.21571846746835852,0.9627697664926144,Dime (South Omotic),africa,0.42544571331963776,10.650048062726018,0.42427649097330544,1.5922292808608693,-1.3346422800630031,0.288421895516095,3.1260553576639536,0.2158050811133632,0.5662645631669665,0.288421895516095,0.09226384773033182,0.09332955690660354,1.0,1.0
145,145,2,1,0,2,1,0,2,1,0,0.2044901835209877,0.8448628726782395,Zialo (Mande),africa,0.4003768838585016,5.5355669545322685,0.3747510420366513,1.2129361709454731,-0.28710622974677896,0.2249553580447966,3.0314781079445763,0.2039540903842174,0.529793636999518,0.2249553580447966,0.07420649268594666,0.07328459518666612,1.0,1.0
146,146,1,2,2,1,2,2,3,0,0,0.21571846746835865,0.9627697664926146,"Miya (Afro-Asiatic, Chadic)",africa,0.4254457133196376,10.650048062726018,0.42427649097330544,1.5922292808608693,-1.3346422800630042,0.2884218955160948,3.1260553576639536,0.2158050811133632,0.5662645631669665,0.2884218955160948,0.09226384773033176,0.09332955690660234,1.0,1.0
147,147,1,0,0,1,0,0,1,0,0,0.16195497424638927,0.6428851403790256,Penange (Dogon),africa,0.5313487295333336,5.1106049924518295,0.35495740658657304,1.1175363518207242,-0.1848027595569788,0.1882184300794853,2.80736490135731,0.15926939331356094,0.4013777856952068,0.1882184300794853,0.06704451921746442,0.054344263442442295,1.0,1.0
148,148,1,2,0,1,2,0,1,2,0,0.2044901835209876,0.8448628726782395,"Tswana (Atlantic-Congo, Bantu)",africa,0.4003768838585018,5.5355669545322685,0.3747510420366513,1.2129361709454731,-0.28710622974677835,0.22495535804479694,3.0314781079445763,0.2039540903842174,0.529793636999518,0.22495535804479694,0.07420649268594677,0.07328459518666762,1.0,1.0
149,149,1,3,3,0,2,2,0,2,2,0.2977795943228738,1.3026001977277946,Bunoge Dogon (Dogon),africa,0.2062224829911832,10.650048062726018,0.42427649097330544,1.5922292808608693,-1.868766793909868,0.09395024983012544,4.058874318255551,0.2955521823448717,0.8516553503591915,0.09395024983012544,0.023146873360322225,0.08072488516872874,1.0,1.0
150,150,5,2,3,5,2,3,0,1,4,0.2582050535077427,1.164539293388727,"Kikuyu (Atlantic-Congo, Bantu)",africa,0.3152798521659994,8.615692562788277,0.4270163253181436,1.5671473270968392,-1.0600760657922803,0.22912479387832385,3.6227582954039783,0.2586441211440087,0.7103522368003883,0.22912479387832385,0.06324595106689937,0.0919537213741812,1.0,1.0
151,151,0,1,1,0,1,1,0,1,1,0.16195497424638927,0.6428851403790256,Bambara (Mande),africa,0.5313487295333342,5.1106049924518295,0.35495740658657304,1.1175363518207242,-0.1848027595569788,0.1882184300794853,2.80736490135731,0.15926939331356094,0.4013777856952068,0.1882184300794853,0.06704451921746442,0.054344263442442295,1.0,1.0
152,152,3,2,2,1,2,2,0,4,4,0.33703016164025607,1.3282767593744575,Maale (Ta-Ne-Omotic),africa,0.18964507529681865,10.650048062726018,0.42427649097330544,1.5922292808608693,-2.2611106606825877,-0.17175708142807974,4.450740650338782,0.3263432678035545,0.9816650130968556,-0.17175708142807974,-0.03859067398479082,0.047312183364691236,2.0,1.0
153,153,0,2,2,5,1,1,3,4,4,0.3992791939468101,1.5173487714785212,"Tigrinya (Afro-Asiatic, Semitic)",africa,0.06768086989012012,10.650048062726018,0.42427649097330544,1.5922292808608693,-2.7349938345015095,-1.5720151829286417,7.737352712695347,0.3998760214938309,1.372229409284736,-1.5720151829286417,-0.2031722271558462,0.01764192204972924,1.0,1.0
154,154,0,5,2,3,4,1,3,4,1,0.3402730994956642,1.5043722175153416,Balese (Central Sudanic),africa,0.09324196306391852,9.161670109127119,0.4301687616677667,1.5951225666415072,-1.613097667074123,-0.010095098626783594,4.450740650338782,0.3263432678035545,0.9816650130968556,-0.010095098626783594,-0.0022681839765287554,0.0745575371290966,1.0,1.0
155,155,0,1,2,0,1,2,0,1,2,0.20449018352098847,0.8448628726782395,"Dii (Atlantic-Congo, Central Adamawa)",africa,0.4003768838585018,5.5355669545322685,0.3747510420366513,1.2129361709454731,-0.28710622974678346,0.22495535804479427,3.0314781079445763,0.2039540903842174,0.529793636999518,0.22495535804479427,0.0742064926859459,0.07328459518666537,1.0,1.0
156,156,2,4,0,2,4,0,1,3,5,0.2582050535077427,1.1645392933887269,Lango (Nilotic),africa,0.3152798521659994,8.615692562788277,0.4270163253181436,1.5671473270968392,-1.0600760657922808,0.22912479387832366,3.6227582954039783,0.2586441211440087,0.7103522368003883,0.22912479387832366,0.06324595106689931,0.0919537213741812,1.0,1.0
157,157,0,1,1,0,1,1,0,1,1,0.16195497424638927,0.6428851403790256,"Fon (Atlantic-Congo, Gbe)",africa,0.5313487295333342,5.1106049924518295,0.35495740658657304,1.1175363518207242,-0.1848027595569788,0.1882184300794853,2.80736490135731,0.15926939331356094,0.4013777856952068,0.1882184300794853,0.06704451921746442,0.054344263442442295,1.0,1.0
158,158,2,0,0,2,1,1,2,1,1,0.20969796653754744,0.8627705839045989,"Ewe (Atlantic-Congo, Gbe)",africa,0.3939186194642631,5.0327018308332505,0.3523845082402621,1.1044886356479644,-0.192576756210926,0.21723562050258535,3.0784035442061732,0.2100800746506537,0.5485061638853637,0.21723562050258535,0.07056762291982219,0.07354699683020151,2.0,1.0
159,159,6,1,7,5,2,4,8,0,3,0.44171746592799055,1.719030553038576,"Ngizim (Afro-Asiatic, Chadic)",africa,-2.220446049250313e-16,86.55487383776054,0.44171746592799055,1.719030553038572,-36.51376898229394,-41.91322665732426,98.778655081472,0.43177654379481867,1.634376601922208,-41.91322665732426,-0.4243146115196092,0.02050640517490361,1.0,1.0
160,160,1,0,2,1,0,2,1,0,2,0.20449018352098847,0.8448628726782397,Koyraboro Senni (Songhay),africa,0.4003768838585018,5.5355669545322685,0.3747510420366513,1.2129361709454731,-0.28710622974678324,0.2249553580447945,3.0314781079445763,0.2039540903842174,0.529793636999518,0.2249553580447945,0.07420649268594598,0.07328459518666687,1.0,1.0
161,161,0,1,1,0,1,1,0,1,1,0.16195497424638927,0.6428851403790256,Susu (Mande),africa,0.5313487295333342,5.1106049924518295,0.35495740658657304,1.1175363518207242,-0.1848027595569788,0.1882184300794853,2.80736490135731,0.15926939331356094,0.4013777856952068,0.1882184300794853,0.06704451921746442,0.054344263442442295,1.0,1.0
162,162,1,0,0,1,0,0,1,0,0,0.16195497424638927,0.6428851403790256,"Sango (Atlantic-Congo, Ubangi)",africa,0.5313487295333336,5.1106049924518295,0.35495740658657304,1.1175363518207242,-0.1848027595569788,0.1882184300794853,2.80736490135731,0.15926939331356094,0.4013777856952068,0.1882184300794853,0.06704451921746442,0.054344263442442295,1.0,1.0
163,163,1,0,0,1,0,0,2,3,3,0.215718467468359,0.9627697664926144,"Fulfulde, Adamawa (Atlantic-Congo, North Atlantic)",africa,0.4254457133196376,10.650048062726018,0.42427649097330544,1.5922292808608693,-1.3346422800630076,0.28842189551609354,3.1260553576639536,0.2158050811133632,0.5662645631669665,0.28842189551609354,0.09226384773033136,0.09332955690660294,1.0,1.0
164,164,1,0,0,1,0,0,1,0,0,0.16195497424638927,0.6428851403790256,Loma (Mande),africa,0.5313487295333336,5.1106049924518295,0.35495740658657304,1.1175363518207242,-0.1848027595569788,0.1882184300794853,2.80736490135731,0.15926939331356094,0.4013777856952068,0.1882184300794853,0.06704451921746442,0.054344263442442295,1.0,1.0
165,165,2,3,3,2,3,3,1,0,0,0.215718467468359,0.9627697664926144,"Afar (Afro-Asiatic, Cushitic) ",africa,0.4254457133196371,10.650048062726018,0.42427649097330544,1.5922292808608693,-1.3346422800630076,0.28842189551609354,3.1260553576639536,0.2158050811133632,0.5662645631669665,0.28842189551609354,0.09226384773033136,0.09332955690660294,1.0,1.0
166,166,1,2,0,1,2,0,1,2,0,0.2044901835209876,0.8448628726782395,Koyra Chiini (Songhay),africa,0.4003768838585018,5.5355669545322685,0.3747510420366513,1.2129361709454731,-0.28710622974677835,0.22495535804479694,3.0314781079445763,0.2039540903842174,0.529793636999518,0.22495535804479694,0.07420649268594677,0.07328459518666762,1.0,1.0
167,167,2,1,1,2,1,1,3,0,0,0.21571846746835865,0.9627697664926146,"Somali (Afro-Asiatic, Cushitic)",africa,0.42544571331963793,10.650048062726018,0.42427649097330544,1.5922292808608693,-1.3346422800630042,0.2884218955160948,3.1260553576639536,0.2158050811133632,0.5662645631669665,0.2884218955160948,0.09226384773033176,0.09332955690660234,1.0,1.0
168,168,1,0,0,1,0,0,1,0,0,0.16195497424638927,0.6428851403790256,"Supyire Senoufo (Atlantic-Congo, Gur)",africa,0.5313487295333336,5.1106049924518295,0.35495740658657304,1.1175363518207242,-0.1848027595569788,0.1882184300794853,2.80736490135731,0.15926939331356094,0.4013777856952068,0.1882184300794853,0.06704451921746442,0.054344263442442295,1.0,1.0
169,169,2,1,1,2,1,1,0,3,3,0.21571846746835852,0.9627697664926144,"Gidar (Afro-Asiatic, Chadic)",africa,0.4254457133196376,10.650048062726018,0.42427649097330544,1.5922292808608693,-1.3346422800630031,0.288421895516095,3.1260553576639536,0.2158050811133632,0.5662645631669665,0.288421895516095,0.09226384773033182,0.09332955690660354,1.0,1.0
170,170,0,1,1,0,1,1,0,1,1,0.16195497424638927,0.6428851403790256,"Gonja (Atlantic-Congo, Guang)",africa,0.5313487295333342,5.1106049924518295,0.35495740658657304,1.1175363518207242,-0.1848027595569788,0.1882184300794853,2.80736490135731,0.15926939331356094,0.4013777856952068,0.1882184300794853,0.06704451921746442,0.054344263442442295,1.0,1.0
171,171,2,0,0,2,0,0,1,3,3,0.21571846746835852,0.9627697664926144,Nobiin (Nubian),africa,0.4254457133196373,10.650048062726018,0.42427649097330544,1.5922292808608693,-1.3346422800630031,0.288421895516095,3.1260553576639536,0.2158050811133632,0.5662645631669665,0.288421895516095,0.09226384773033182,0.09332955690660354,1.0,1.0
172,172,0,3,3,5,4,4,2,1,1,0.39927919394681055,1.5173487714785212,Hamar (South Omotic),africa,0.06768086989012012,10.650048062726018,0.42427649097330544,1.5922292808608693,-2.7349938345015143,-1.572015182928645,7.737352712695347,0.3998760214938309,1.372229409284736,-1.572015182928645,-0.2031722271558466,0.01764192204970406,1.0,1.0
173,173,0,1,2,0,1,2,0,1,2,0.20449018352098847,0.8448628726782395,Bangime (Bangime),africa,0.4003768838585018,5.5355669545322685,0.3747510420366513,1.2129361709454731,-0.28710622974678346,0.22495535804479427,3.0314781079445763,0.2039540903842174,0.529793636999518,0.22495535804479427,0.0742064926859459,0.07328459518666537,1.0,1.0
174,174,1,0,0,1,0,0,1,0,0,0.16195497424638927,0.6428851403790256,"	Kabiyé (Atlantic-Congo, Gur)",africa,0.5313487295333336,5.1106049924518295,0.35495740658657304,1.1175363518207242,-0.1848027595569788,0.1882184300794853,2.80736490135731,0.15926939331356094,0.4013777856952068,0.1882184300794853,0.06704451921746442,0.054344263442442295,1.0,1.0
175,175,2,3,3,2,3,3,1,0,0,0.215718467468359,0.9627697664926144,"Munukutuba (Atlantic-Congo, Bantu)",africa,0.4254457133196371,10.650048062726018,0.42427649097330544,1.5922292808608693,-1.3346422800630076,0.28842189551609354,3.1260553576639536,0.2158050811133632,0.5662645631669665,0.28842189551609354,0.09226384773033136,0.09332955690660294,1.0,1.0
176,176,0,3,3,0,3,3,1,2,2,0.2157184674683588,0.9627697664926148,"Ò̩ko̩ (Atlantic-Congo, Oko-Eni-Osayen)",africa,0.4254457133196376,10.650048062726018,0.42427649097330544,1.5922292808608693,-1.3346422800630051,0.2884218955160945,3.1260553576639536,0.2158050811133632,0.5662645631669665,0.2884218955160945,0.09226384773033168,0.09332955690660234,1.0,1.0
177,177,0,2,2,4,1,1,3,5,5,0.3992791939468112,1.5173487714785214,"Zay (Afro-Asiatic, Semitic)",africa,0.0676808698901199,10.650048062726018,0.42427649097330544,1.5922292808608693,-2.734993834501521,-1.5720151829286502,7.737352712695347,0.3998760214938309,1.372229409284736,-1.5720151829286502,-0.20317222715584726,0.01764192204971665,1.0,1.0
178,178,5,4,4,1,2,2,3,0,0,0.3992791939468101,1.5173487714785212,"[OC-46]  Warrongo (Pama-Nyungan, Maric)",oceania,0.06768086989012034,10.650048062726018,0.42427649097330544,1.5922292808608693,-2.7349938345015095,-1.5720151829286417,7.737352712695347,0.3998760214938309,1.372229409284736,-1.5720151829286417,-0.2031722271558462,0.01764192204972924,1.0,1.0
179,179,4,4,5,1,1,2,0,0,3,0.3340243894120576,1.1882188111549217,"[OC-39]  South Efate (Austronesian, Oceanic)",oceania,0.26006503865644337,6.3173318224350705,0.3925110889458336,1.3185963009742585,-0.9219240935473134,-0.2984371170059137,4.450740650338782,0.3263432678035545,0.9816650130968556,-0.2984371170059137,-0.06705336042961688,0.022375296697072968,1.0,1.0
180,180,1,8,0,5,2,4,7,3,6,0.44171746592799055,1.7190305530385757,[OC-45]  Wardaman (Yangmanic),oceania,-2.220446049250313e-16,92.60713095700956,0.44171746592799055,1.719030553038576,-39.18715666015324,-41.91322665732426,98.778655081472,0.43177654379481867,1.634376601922208,-41.91322665732426,-0.4243146115196092,0.02050640517491444,1.0,1.0
181,181,4,2,7,3,6,8,5,1,0,0.44171746592799055,1.7190305530385759,"Arrernte, Eastern (Pama-Nyungan, Aranda) ",oceania,0.0,86.55487383776054,0.44171746592799055,1.719030553038572,-36.51376898229394,-41.91322665732426,98.778655081472,0.43177654379481867,1.634376601922208,-41.91322665732426,-0.4243146115196092,0.02050640517490361,1.0,1.0
182,182,1,0,2,1,0,2,1,0,2,0.20449018352098847,0.8448628726782397,"[OC-6]  Bunaq (Timor-Alor-Pantar, East Timor-Bunaq) ",oceania,0.4003768838585018,5.5355669545322685,0.3747510420366513,1.2129361709454731,-0.28710622974678324,0.2249553580447945,3.0314781079445763,0.2039540903842174,0.529793636999518,0.2249553580447945,0.07420649268594598,0.07328459518666687,1.0,1.0
183,183,5,1,0,2,6,8,3,4,7,0.44171746592799055,1.7190305530385759,"[OC-48]  Yidiɲ (Pama-Nyungan, Yimidhirr-Yalanji-Yidinic)",oceania,-2.220446049250313e-16,86.55487383776054,0.44171746592799055,1.719030553038572,-36.51376898229394,-41.91322665732426,98.778655081472,0.43177654379481867,1.634376601922208,-41.91322665732426,-0.4243146115196092,0.02050640517490361,1.0,1.0
184,184,0,3,7,1,5,2,4,8,6,0.44171746592799055,1.7190305530385763,[OC-28]  Ngan'gityemerri (Southern Daly),oceania,0.0,86.55487383776054,0.44171746592799055,1.719030553038572,-36.51376898229394,-41.91322665732426,98.778655081472,0.43177654379481867,1.634376601922208,-41.91322665732426,-0.4243146115196092,0.02050640517490361,1.0,1.0
185,185,2,0,0,3,1,1,5,4,4,0.3992791939468101,1.5173487714785212,[OC-10]  Dyirbal (Pama-Nyungan),oceania,0.06768086989012034,10.650048062726018,0.42427649097330544,1.5922292808608693,-2.7349938345015095,-1.5720151829286417,7.737352712695347,0.3998760214938309,1.372229409284736,-1.5720151829286417,-0.2031722271558462,0.01764192204972924,1.0,1.0
186,186,8,3,5,1,7,6,4,0,2,0.44171746592799055,1.719030553038576,"[OC-21]  Maori (Southern Cook Islands) (Austronesian, Oceanic)",oceania,0.0,86.55487383776054,0.44171746592799055,1.719030553038572,-36.51376898229394,-41.91322665732426,98.778655081472,0.43177654379481867,1.634376601922208,-41.91322665732426,-0.4243146115196092,0.02050640517490361,1.0,1.0
187,187,2,0,3,1,0,3,1,4,3,0.3038724717520012,1.35572331518505,"[OC-42]  Tok Pisin (Indo-European, Pacific Creole English)",oceania,0.1670565855292544,7.905547539873303,0.4210247331197437,1.5178064838375975,-1.0465549563092025,0.10709306141033692,4.109060115171457,0.30305640210636603,0.8822232522845139,0.10709306141033692,0.026062666013312464,0.08523937300260499,3.0,1.0
188,188,1,2,0,5,4,3,1,2,0,0.4064767173810089,1.4333355569365334,"[OC-40]  Tidore (West Papuan, North Halmahera)",oceania,0.02269310285397863,8.857235637842066,0.4033769723289535,1.4010384912933185,-2.166924510203596,-2.166924510203596,8.857235637842066,0.4033769723289535,1.4010384912933185,-2.166924510203596,-0.24465020451138575,0.0,1.0,1.0
189,189,1,2,2,0,0,0,0,3,3,0.2724792488909669,1.1662682223094747,"Awtuw (Sepik, Ram) ",oceania,0.2924747569822933,10.650048062726018,0.42427649097330544,1.5922292808608693,-1.735648874474807,0.13891996250728278,3.7703724741743088,0.2725587210701472,0.7617903701146771,0.13891996250728278,0.03684515613744648,0.07832327842572448,2.0,2.0
190,190,1,4,4,2,0,0,3,5,5,0.3992791939468108,1.5173487714785214,"[OC-29]  Nii (Trans-New Guinea, Wahgic)",oceania,0.06768086989011968,10.650048062726018,0.42427649097330544,1.5922292808608693,-2.734993834501517,-1.5720151829286466,7.737352712695347,0.3998760214938309,1.372229409284736,-1.5720151829286466,-0.2031722271558468,0.01764192204970406,1.0,1.0
191,191,0,2,1,0,3,1,0,1,1,0.2441409515021791,0.9991645034555928,"[OC-7]  Chamorro (Austronesian, Malayo-Polynesian) ",oceania,0.3005559024235859,5.205682203451893,0.3656245922100272,1.1639905690237893,-0.2717557029131126,0.15970798740215986,3.4384092913881363,0.2438818585472031,0.6580477278779775,0.15970798740215986,0.0464482188906846,0.0727624052494829,2.0,2.0
192,192,3,5,5,4,1,1,0,2,2,0.3992791939468108,1.5173487714785214,"[OC-13]  Garrwa, Western (Garrwan) ",oceania,0.0676808698901199,10.650048062726018,0.42427649097330544,1.5922292808608693,-2.734993834501517,-1.5720151829286466,7.737352712695347,0.3998760214938309,1.372229409284736,-1.5720151829286466,-0.2031722271558468,0.01764192204970406,1.0,1.0
193,193,3,0,1,8,7,4,6,2,5,0.44171746592799105,1.7190305530385759,"[OC-19]  Komnzo (Morehead-Wasur, Eastern Tonda)",oceania,-2.220446049250313e-16,86.55487383776054,0.44171746592799055,1.719030553038572,-36.513768982293975,-41.913226657324294,98.778655081472,0.43177654379481867,1.634376601922208,-41.913226657324294,-0.4243146115196096,0.02050640517491444,1.0,1.0
194,194,7,3,2,4,5,6,1,8,0,0.4417174659279903,1.7190305530385759,"[OC-47]  Yawuru (Nyulnyulan, Eastern)",oceania,0.0,92.60713095700956,0.44171746592799055,1.719030553038576,-39.18715666015322,-41.913226657324245,98.778655081472,0.43177654379481867,1.634376601922208,-41.913226657324245,-0.42431461151960903,0.02050640517491444,1.0,1.0
195,195,3,4,0,3,4,1,2,5,1,0.2683005264995031,1.2012702054334756,"[OC-14]  Guugu Yimidhirr (Pama-Nyungan, Yimidhirr-Yalanji-Yidinic)",oceania,0.2900355987688904,7.978745694474673,0.4217701409321999,1.5237264138088735,-0.9394314651997232,0.19895778369950576,3.7357825376307128,0.2695118352072181,0.7503536150601715,0.19895778369950576,0.05325732472257009,0.08938226791645401,2.0,1.0
196,196,0,5,5,3,4,4,2,1,1,0.3992791939468108,1.5173487714785217,"[OC-35]  Rawa (Karo) (Trans-New Guinea, Finisterre-Huon)",oceania,0.06768086989012012,10.650048062726018,0.42427649097330544,1.5922292808608693,-2.734993834501517,-1.5720151829286464,7.737352712695347,0.3998760214938309,1.372229409284736,-1.5720151829286464,-0.2031722271558468,0.01764192204972924,1.0,1.0
197,197,0,5,5,4,1,1,2,3,3,0.3992791939468108,1.5173487714785214,[OC-38]  Savosavo (Solomon Islands),oceania,0.0676808698901199,10.650048062726018,0.42427649097330544,1.5922292808608693,-2.734993834501517,-1.5720151829286466,7.737352712695347,0.3998760214938309,1.372229409284736,-1.5720151829286466,-0.2031722271558468,0.01764192204970406,1.0,1.0
198,198,0,2,2,4,1,1,5,3,3,0.39927919394681133,1.5173487714785217,"[OC-43]  Tongan (Austronesian, Oceanic) ",oceania,0.06768086989012034,10.650048062726018,0.42427649097330544,1.5922292808608693,-2.734993834501524,-1.5720151829286515,7.737352712695347,0.3998760214938309,1.372229409284736,-1.5720151829286515,-0.20317222715584746,0.01764192204971665,1.0,1.0
199,199,3,8,6,5,4,0,2,1,7,0.44171746592799055,1.719030553038576,"[OC-11]  Fijian (Austronesian, Oceanic)",oceania,-2.220446049250313e-16,92.60713095700956,0.44171746592799055,1.719030553038576,-39.18715666015324,-41.91322665732426,98.778655081472,0.43177654379481867,1.634376601922208,-41.91322665732426,-0.4243146115196092,0.02050640517490361,1.0,1.0
200,200,4,5,5,2,0,0,3,1,1,0.3992791939468108,1.5173487714785214,[OC-36]  Rotokas (North Bougainville),oceania,0.0676808698901199,10.650048062726018,0.42427649097330544,1.5922292808608693,-2.734993834501517,-1.5720151829286466,7.737352712695347,0.3998760214938309,1.372229409284736,-1.5720151829286466,-0.2031722271558468,0.01764192204970406,1.0,1.0
201,201,2,6,0,8,5,7,3,4,1,0.44171746592799055,1.7190305530385759,"[OC-49]  Yindjibarndi  (Pama-Nyungan, Pilbara)",oceania,-2.220446049250313e-16,86.55487383776054,0.44171746592799055,1.719030553038572,-36.51376898229394,-41.91322665732426,98.778655081472,0.43177654379481867,1.634376601922208,-41.91322665732426,-0.4243146115196092,0.02050640517490361,1.0,1.0
202,202,5,4,1,3,0,2,7,6,6,0.4388306432781213,1.7049330921411625,[OC-25]  Maybrat (Maybrat-Karon) ,oceania,0.00030272859015623155,83.16615648751292,0.4388263070564717,1.7045151584632037,-34.79092485824303,-41.64216765940885,98.778655081472,0.43177654379481867,1.634376601922208,-41.64216765940885,-0.4215705065538973,0.006309624397709031,1.0,2.0
203,203,2,1,1,5,4,4,0,3,3,0.3992791939468101,1.5173487714785212,"[OC-32]  Pitjantjatjara (Pama-Nyungan, Wati)",oceania,0.06768086989012012,10.650048062726018,0.42427649097330544,1.5922292808608693,-2.7349938345015095,-1.5720151829286417,7.737352712695347,0.3998760214938309,1.372229409284736,-1.5720151829286417,-0.2031722271558462,0.01764192204972924,1.0,1.0
204,204,3,5,4,2,1,0,2,2,0,0.3388834747998501,1.4785760738849207,"[OC-9]  Doromu-Koki (Trans-New Guinea, Manubaran) ",oceania,0.10181426347503864,8.615692562788277,0.4270163253181436,1.5671473270968392,-1.4411397595999964,-0.029706383134830094,4.450740650338782,0.3263432678035545,0.9816650130968556,-0.029706383134830094,-0.006674480826594313,0.07271299227443496,2.0,2.0
205,205,5,4,3,8,7,2,1,6,0,0.44171746592799055,1.7190305530385763,"[OC-8]  Djapu (Pama-Nyungan, Yuulngu) ",oceania,-2.220446049250313e-16,86.55487383776054,0.44171746592799055,1.719030553038572,-36.51376898229394,-41.91322665732426,98.778655081472,0.43177654379481867,1.634376601922208,-41.91322665732426,-0.4243146115196092,0.020506405174925267,1.0,1.0
206,206,2,7,6,1,5,0,3,4,8,0.4417174659279903,1.7190305530385759,[OC-17]  Jingulu (Mirndi),oceania,0.0,86.55487383776054,0.44171746592799055,1.719030553038572,-36.51376898229392,-41.913226657324245,98.778655081472,0.43177654379481867,1.634376601922208,-41.913226657324245,-0.42431461151960903,0.02050640517491444,1.0,1.0
207,207,2,3,7,6,0,1,5,4,1,0.4349288269627592,1.704180072602366,[OC-27]  Motuna (South Bougainville),oceania,0.00549019333168954,15.256525423983588,0.44118338912816135,1.7096742354385803,-4.931322633578327,-41.25750451094123,98.778655081472,0.43177654379481867,1.634376601922208,-41.25750451094123,-0.4176763135407372,0.007129175637803978,2.0,1.0
208,208,0,3,3,5,1,1,4,2,2,0.39927919394681105,1.5173487714785217,"[OC-23]  Martuthunira (Pama-Nyungan, Pilbara)",oceania,0.06768086989012012,10.650048062726018,0.42427649097330544,1.5922292808608693,-2.7349938345015192,-1.5720151829286482,7.737352712695347,0.3998760214938309,1.372229409284736,-1.5720151829286482,-0.20317222715584699,0.01764192204970406,1.0,1.0
209,209,0,2,2,4,3,3,5,1,1,0.39927919394681055,1.5173487714785212,"[OC-16]  Imonda (Border, Waris)",oceania,0.06768086989012034,10.650048062726018,0.42427649097330544,1.5922292808608693,-2.7349938345015143,-1.572015182928645,7.737352712695347,0.3998760214938309,1.372229409284736,-1.572015182928645,-0.2031722271558466,0.01764192204970406,1.0,1.0
210,210,1,1,5,2,3,0,4,4,0,0.3565268258793759,1.3186359535497416,"[OC-18]  Kilivila[211] (Austronesian, Oceanic)",oceania,0.1856308576391419,7.187387291031589,0.4090744699205235,1.4296938608369707,-1.2438604236875177,-0.5034318227324006,5.1106049924518295,0.35495740658657304,1.1175363518207242,-0.5034318227324006,-0.0985072850427592,0.026302260418160226,2.0,2.0
211,211,2,4,4,3,5,5,0,1,1,0.3992791939468101,1.5173487714785212,"[OC-15]  Hawaiian (Austronesian, Oceanic)",oceania,0.06768086989012012,10.650048062726018,0.42427649097330544,1.5922292808608693,-2.7349938345015095,-1.5720151829286417,7.737352712695347,0.3998760214938309,1.372229409284736,-1.5720151829286417,-0.2031722271558462,0.01764192204972924,1.0,1.0
212,212,8,6,7,3,1,2,5,4,0,0.44171746592799055,1.7190305530385759,"[OC-5]  Bardi (Nyulnyulan, Western) ",oceania,0.0,86.55487383776054,0.44171746592799055,1.719030553038572,-36.51376898229394,-41.91322665732426,98.778655081472,0.43177654379481867,1.634376601922208,-41.91322665732426,-0.4243146115196092,0.02050640517490361,1.0,1.0
213,213,3,0,0,1,5,5,2,4,4,0.3992791939468101,1.5173487714785212,"[OC-37]  Sa'a (Austronesian, Oceanic)",oceania,0.06768086989012012,10.650048062726018,0.42427649097330544,1.5922292808608693,-2.7349938345015095,-1.5720151829286417,7.737352712695347,0.3998760214938309,1.372229409284736,-1.5720151829286417,-0.2031722271558462,0.01764192204972924,1.0,1.0
214,214,5,6,2,7,1,3,0,4,0,0.4337259879612676,1.6980864558993618,"Abui (Timor-Alor-Pantar, Alor) ",oceania,0.007544777041867845,15.256525423983588,0.44118338912816135,1.7096742354385803,-4.919065106474116,-41.14478330879737,98.778655081472,0.43177654379481867,1.634376601922208,-41.14478330879737,-0.4165351641491921,0.005598040858099279,1.0,2.0
215,215,3,2,2,0,1,1,0,1,1,0.2977795943228738,1.3026001977277946,"Abau (Sepik, Upper) ",oceania,0.2062224829911834,10.650048062726018,0.42427649097330544,1.5922292808608693,-1.868766793909868,0.09395024983012544,4.058874318255551,0.2955521823448717,0.8516553503591915,0.09395024983012544,0.023146873360322225,0.08072488516872874,1.0,1.0
216,216,4,3,6,2,7,0,5,1,0,0.4349288269627592,1.704180072602366,"[OC-30]  Orokaiva (Trans-New Guinea, Binanderean)",oceania,0.005490193331689652,15.256525423983588,0.44118338912816135,1.7096742354385803,-4.931322633578327,-41.25750451094123,98.778655081472,0.43177654379481867,1.634376601922208,-41.25750451094123,-0.4176763135407372,0.007129175637803978,2.0,1.0
217,217,5,2,2,4,0,0,1,3,3,0.39927919394681105,1.5173487714785217,"[OC-44]  Wambaya (Mirndi, Ngurlun)",oceania,0.06768086989012034,10.650048062726018,0.42427649097330544,1.5922292808608693,-2.7349938345015192,-1.5720151829286482,7.737352712695347,0.3998760214938309,1.372229409284736,-1.5720151829286482,-0.20317222715584699,0.01764192204970406,1.0,1.0
218,218,3,5,2,0,8,7,6,4,1,0.44171746592799055,1.719030553038576,"[OC-50]  Yuwaalaraay (Pama-Nyungan, Wiradhuric)",oceania,-2.220446049250313e-16,86.55487383776054,0.44171746592799055,1.719030553038572,-36.51376898229394,-41.91322665732426,98.778655081472,0.43177654379481867,1.634376601922208,-41.91322665732426,-0.4243146115196092,0.02050640517490361,1.0,1.0
219,219,1,4,4,3,5,5,2,0,0,0.3992791939468101,1.5173487714785214,"[OC-26]  Menya (Trans-New Guinea, Angan)",oceania,0.06768086989012034,10.650048062726018,0.42427649097330544,1.5922292808608693,-2.7349938345015095,-1.5720151829286415,7.737352712695347,0.3998760214938309,1.372229409284736,-1.5720151829286415,-0.20317222715584615,0.01764192204971665,1.0,1.0
