,D1_place,D2_place,D3_place,D1_goal,D2_goal,D3_goal,D1_source,D2_source,D3_source,I[U;W],I[M;W],gamma_fit,epsilon,gNID,Language,Area,r patterns,theta patterns,systematicity_score
0,5,0,0,1,4,4,2,3,3,0.35499277397825857,1.5444138731623178,6.806384171081628,0.02533976376015876,0.23019854030366005,"Faroese (Indo-European, Germanic)",europe,1.0,1.0,2.0
1,3,0,0,2,0,0,1,4,4,0.32857293518523,1.3553120150826974,6.031012034760822,0.025209929041092656,0.2776258965067302,"Czech (Indo-European, Slavic)",europe,2.0,1.0,3.0
2,1,3,3,1,3,3,0,2,2,0.27746806606448815,0.9938980534826947,5.056522289290351,0.01491943153996344,0.22284674881401512,"Maltese (Afro-Asiatic, Semitic)",europe,1.0,1.0,2.0
3,2,3,7,1,0,6,8,4,5,0.398994799288803,1.7530612423846794,78.60455689468452,-2.2598649614935657e-16,1.0080825063596421e-13,Catalan,europe,1.0,1.0,2.0
4,5,1,2,8,7,6,4,3,0,0.3989947992888032,1.7530612423846799,78.60455689468452,-4.519729922987131e-16,1.0047518372857667e-13,"German (Indo-European, Germanic)",europe,1.0,1.0,2.0
5,0,4,4,1,5,5,2,3,3,0.35499277397825857,1.544413873162318,6.806384171081628,0.02533976376015879,0.23019854030365983,"Lezgian (Nakh-Daghestanian, Daghestanian)",europe,1.0,1.0,2.0
6,1,0,0,1,0,0,3,2,2,0.27746806606448826,0.9938980534826948,5.056522289290351,0.014919431539963375,0.22284674881401478,"English (Indo-European, Germanic)",europe,1.0,1.0,2.0
7,3,0,0,1,5,5,4,2,2,0.35499277397825835,1.5444138731623178,6.806384171081628,0.025339763760158954,0.2301985403036596,"Croatian (Indo-European, Slavic)",europe,1.0,1.0,2.0
8,1,3,3,2,4,4,5,0,0,0.35499277397825835,1.5444138731623178,6.806384171081628,0.025339763760158954,0.2301985403036605,"Slovak (Indo-European, Slavic)",europe,1.0,1.0,2.0
9,1,4,4,2,5,5,3,0,0,0.354992773978259,1.544413873162318,6.806384171081628,0.025339763760158337,0.2301985403036596,"Serbian (Indo-European, Slavic)",europe,1.0,1.0,2.0
10,8,3,0,4,1,5,6,2,7,0.39899479928880366,1.7530612423846796,1000.0,-4.547473508864641e-16,2.220446049250313e-16,"Old Church Slavonic (Indo-European, Slavic)",europe,1.0,1.0,2.0
11,2,1,1,5,3,3,0,4,4,0.35499277397825857,1.544413873162318,6.806384171081628,0.02533976376015879,0.23019854030366005,"Lithuanian (Indo-European, Baltic)",europe,1.0,1.0,2.0
12,2,5,6,4,0,3,8,1,7,0.39899479928880344,1.7530612423846794,1000.0,-2.2737367544323206e-16,-2.220446049250313e-16,"Macedonian (Indo-European, Slavic)",europe,1.0,1.0,2.0
13,0,3,3,5,4,4,1,2,2,0.35499277397825857,1.544413873162318,6.806384171081628,0.02533976376015879,0.2301985403036596,"Danish (Indo-European, Germanic)",europe,1.0,1.0,2.0
14,1,3,3,1,3,3,2,0,0,0.27746806606448815,0.9938980534826947,5.056522289290351,0.01491943153996344,0.22284674881401512,"Welsh (Indo-European, Celtic)",europe,1.0,1.0,2.0
15,5,4,0,5,4,0,1,2,3,0.3215048767019515,1.202636775950125,5.886876738158385,0.007050432566798229,0.14526459193528451,"Scots-Gaelic (Indo-European, Celtic)",europe,1.0,1.0,2.0
16,1,2,0,1,2,0,1,2,0,0.2084211895701651,0.857113354188883,3.8886145554839935,0.06196615876518481,0.616799108132158,Adyghe (Abkhaz-Adyge),europe,1.0,1.0,2.0
17,5,3,3,0,4,4,1,2,2,0.35499277397825857,1.5444138731623178,6.806384171081628,0.02533976376015876,0.23019854030366027,"Norwegian (Indo-European, Germanic)",europe,1.0,1.0,2.0
18,2,3,3,1,5,5,0,4,4,0.35499277397825857,1.544413873162318,6.806384171081628,0.02533976376015879,0.2301985403036596,"Romanian (Indo-European, Romance) ",europe,1.0,1.0,2.0
19,2,4,4,5,0,0,3,1,1,0.35499277397825857,1.5444138731623185,6.806384171081628,0.025339763760158857,0.2301985403036596,"Slavomolisano (Indo-European, Slavic)",europe,1.0,1.0,2.0
20,2,1,1,0,3,3,5,4,4,0.35499277397825835,1.5444138731623178,6.806384171081628,0.025339763760158954,0.23019854030366027,"Latvian (Indo-European, Baltic)",europe,1.0,1.0,2.0
21,3,4,7,8,1,2,6,0,5,0.39899479928880366,1.7530612423846796,1000.0,-4.547473508864641e-16,2.220446049250313e-16,Turkish (Turkic),europe,1.0,1.0,2.0
22,2,3,1,7,6,5,8,0,4,0.398994799288803,1.7530612423846794,78.60455689468452,-2.2598649614935657e-16,1.0058620603103918e-13,Finnish (Uralic),europe,1.0,1.0,2.0
23,2,0,0,2,0,0,3,1,1,0.27746806606448826,0.9938980534826948,5.056522289290351,0.014919431539963375,0.22284674881401478,"Albanian (Indo-European, Albanian)",europe,1.0,1.0,2.0
24,5,0,0,4,2,2,3,1,1,0.35499277397825857,1.5444138731623185,6.806384171081628,0.025339763760158857,0.23019854030366038,Hungarian (Uralic),europe,1.0,1.0,2.0
25,0,2,2,5,3,3,1,4,4,0.35499277397825857,1.5444138731623178,6.806384171081628,0.02533976376015876,0.23019854030365983,"Slovenian (Indo-European, Slavic)",europe,1.0,1.0,2.0
26,3,1,1,2,4,4,5,0,0,0.35499277397825835,1.5444138731623178,6.806384171081628,0.025339763760158954,0.2301985403036605,"Ukrainian (Indo-European, Slavic)",europe,1.0,1.0,2.0
27,4,0,0,2,3,3,1,5,5,0.35499277397825857,1.544413873162318,6.806384171081628,0.02533976376015879,0.23019854030366027,"Dutch (Indo-European, Germanic)",europe,1.0,1.0,2.0
28,5,0,0,3,2,2,4,1,1,0.35499277397825835,1.5444138731623178,6.806384171081628,0.025339763760158954,0.2301985403036605,"Sorbian, Lower (Indo-European, Slavic)",europe,1.0,1.0,2.0
29,2,0,0,1,3,3,5,4,4,0.3549927739782588,1.5444138731623178,6.806384171081628,0.0253397637601585,0.2301985403036605,Belarusian,europe,1.0,1.0,2.0
30,5,0,0,1,2,2,4,3,3,0.35499277397825835,1.5444138731623178,6.806384171081628,0.025339763760158954,0.2301985403036605,Bulgarian,europe,1.0,1.0,2.0
31,3,0,0,2,1,1,4,5,5,0.3549927739782588,1.5444138731623178,6.806384171081628,0.0253397637601585,0.23019854030366027,"Low German (Indo-European, Germanic)",europe,1.0,1.0,2.0
32,0,3,1,0,3,1,4,2,5,0.32150487670195194,1.202636775950125,5.886876738158385,0.007050432566797813,0.14526459193528474,"Irish (Indo-European, Celtic)",europe,1.0,1.0,2.0
33,2,1,3,0,4,5,2,1,3,0.3051847157090972,1.4454915203734355,5.589509348409787,0.06763086953659371,0.4684354938132743,"Saami, Skolt (Uralic)",europe,1.0,1.0,2.0
34,1,7,3,4,5,0,8,6,2,0.398994799288803,1.7530612423846794,78.60455689468452,-2.2598649614935657e-16,1.0058620603103918e-13,Basque,europe,1.0,1.0,2.0
35,2,1,1,0,4,4,5,3,3,0.35499277397825835,1.5444138731623178,6.806384171081628,0.025339763760158954,0.2301985403036606,"Swedish (Indo-European, Germanic)",europe,1.0,1.0,2.0
36,2,0,0,1,5,5,4,3,3,0.35499277397825835,1.5444138731623178,6.806384171081628,0.025339763760158954,0.23019854030366027,"Icelandic (Indo-European, Germanic)",europe,1.0,1.0,2.0
37,2,5,5,0,4,4,3,1,1,0.35499277397825857,1.544413873162318,6.806384171081628,0.02533976376015879,0.23019854030365994,"Romani, Moldovan (Indo-European, Indo-Iranian)",europe,1.0,1.0,2.0
38,1,5,5,2,3,3,4,0,0,0.35499277397825857,1.5444138731623176,6.806384171081628,0.025339763760158725,0.23019854030366005,Estonian (Uralic),europe,1.0,1.0,2.0
39,2,3,3,2,3,3,1,0,0,0.27746806606448815,0.9938980534826947,5.056522289290351,0.01491943153996344,0.22284674881401512,"Italian (Indo-European, Romance)   ",europe,1.0,1.0,2.0
40,5,4,3,5,4,3,2,0,1,0.3215048767019515,1.202636775950125,5.886876738158385,0.007050432566798229,0.14526459193528451,"French (Indo-European, Romance)",europe,1.0,1.0,2.0
41,1,0,0,5,3,3,4,2,2,0.35499277397825835,1.5444138731623178,6.806384171081628,0.025339763760158954,0.2301985403036596,"Sorbian,Upper (Indo-European, Slavic)",europe,1.0,1.0,2.0
42,0,1,1,3,1,1,4,2,2,0.32857293518523,1.3553120150826972,6.031012034760822,0.02520992904109262,0.2776258965067301,"Greek, Modern (Indo-European, Graeco-Phrygian)",europe,2.0,1.0,3.0
43,2,1,1,2,1,1,0,3,3,0.27746806606448815,0.9938980534826947,5.056522289290351,0.01491943153996344,0.222846748814015,"Polish (Indo-European, Slavic)",europe,1.0,1.0,2.0
44,3,1,1,5,4,4,0,2,2,0.35499277397825857,1.544413873162318,6.806384171081628,0.02533976376015879,0.2301985403036596,"Russian (Indo-European, Slavic)",europe,1.0,1.0,2.0
45,1,4,4,3,5,5,2,0,0,0.35499277397825857,1.544413873162318,6.806384171081628,0.02533976376015879,0.23019854030365983,"Rumantsch (Indo-European, Romance)",europe,1.0,1.0,2.0
46,5,4,3,5,4,3,1,0,2,0.32150487670195194,1.202636775950125,5.886876738158385,0.007050432566797813,0.14526459193528474,"Baba Malay (Austronesian, Malayo-Sumbawan)",asia,1.0,1.0,2.0
47,0,1,1,2,4,4,3,5,5,0.35499277397825835,1.5444138731623178,6.806384171081628,0.025339763760158954,0.23019854030366027,"Chinese (Sino-Tibetan, Sinitic)",asia,1.0,1.0,2.0
48,0,3,3,5,2,2,1,4,4,0.35499277397825857,1.544413873162318,6.806384171081628,0.02533976376015879,0.2301985403036596,"Vietnamese (Austroasiatic, Vietic)",asia,1.0,1.0,2.0
49,3,2,2,3,2,2,1,0,0,0.27746806606448815,0.9938980534826947,5.056522289290351,0.01491943153996344,0.22284674881401412,"Nicobarese, Car (Austroasiatic, Nicobaric)",asia,1.0,1.0,2.0
50,0,1,1,4,5,5,2,3,3,0.35499277397825857,1.544413873162318,6.806384171081628,0.02533976376015879,0.23019854030366027,"Cantonese (Sino-Tibetan, Sinitic)",asia,1.0,1.0,2.0
51,0,1,1,0,1,1,0,1,1,0.16438203077364966,0.6483627970051893,3.3983306526774046,0.05695288155582928,0.8114955119024414,"Hmong Njua (Hmong-Mien, Chuanqiandian)",asia,1.0,1.0,2.0
52,7,0,3,1,5,6,4,2,8,0.3989947992888032,1.7530612423846796,78.60455689468452,-4.519729922987131e-16,1.0080825063596421e-13,"Burushaski, Yasin (Burushaski)",asia,1.0,1.0,2.0
53,7,8,2,6,3,5,4,1,0,0.3989947992888041,1.7530612423846796,996.5503582908606,-9.126429931075058e-16,2.220446049250313e-16,"Khasi (Austroasiatic, Khasi-Palaung)",asia,1.0,1.0,2.0
54,1,4,4,3,2,2,0,5,5,0.35499277397825857,1.544413873162318,6.806384171081628,0.02533976376015879,0.23019854030366027,Telugu (Dravidian),asia,1.0,1.0,2.0
55,2,6,7,1,4,7,0,3,5,0.39180542379645256,1.7011378967657467,10.162568869975958,0.003589622900317858,0.04784994643571172,"Limbu (Sino-Tibetan, Kiranti)",asia,2.0,1.0,3.0
56,4,5,5,0,2,2,1,3,3,0.354992773978259,1.544413873162318,6.806384171081628,0.025339763760158337,0.23019854030365994,Koḍava (Dravidian),asia,1.0,1.0,2.0
57,3,2,1,0,6,7,8,4,5,0.398994799288803,1.7530612423846794,78.60455689468452,-2.2598649614935657e-16,1.0058620603103918e-13,"Arabic, Modern Standard (Afro-Asiatic, Semitic)",asia,1.0,1.0,2.0
58,3,0,0,4,1,1,5,2,2,0.35499277397825835,1.5444138731623178,6.806384171081628,0.025339763760158954,0.2301985403036605,Udihe (Tungusic),asia,1.0,1.0,2.0
59,7,5,4,3,6,0,1,8,2,0.3989947992888041,1.75306124238468,996.5503582908606,-9.126429931075058e-16,2.220446049250313e-16,"Mualang (Austronesian, Malayo-Sumbawan)",asia,1.0,1.0,2.0
60,8,0,5,7,3,2,6,4,1,0.3989947992888032,1.7530612423846796,78.60455689468452,-4.519729922987131e-16,1.0047518372857667e-13,"Yukaghir, Kolyma (Yukaghir)",asia,1.0,1.0,2.0
61,3,1,1,3,1,1,0,2,2,0.27746806606448815,0.9938980534826947,5.056522289290351,0.01491943153996344,0.22284674881401412,"Apatani (Sino-Tibetan, Macro-Tani)",asia,1.0,1.0,2.0
62,8,1,5,6,3,2,4,0,7,0.39899479928880366,1.7530612423846796,1000.0,-4.547473508864641e-16,2.220446049250313e-16,Korean (Koreanic),asia,1.0,1.0,2.0
63,1,3,3,1,3,3,2,0,0,0.27746806606448815,0.9938980534826947,5.056522289290351,0.01491943153996344,0.22284674881401512,"Khmer (Austroasiatic, Khmeric)",asia,1.0,1.0,2.0
64,6,3,5,0,7,5,2,1,4,0.3918054237964532,1.701137896765747,10.162568869975958,0.003589622900317246,0.04784994643571172,"Bengali (Indo-European, Indo-Iranian)",asia,2.0,1.0,3.0
65,0,5,5,3,4,4,2,1,1,0.354992773978259,1.544413873162318,6.806384171081628,0.025339763760158337,0.23019854030365983,Lamut (Tungusic),asia,1.0,1.0,2.0
66,4,2,6,8,3,0,1,7,5,0.3989947992888032,1.7530612423846796,78.60455689468452,-4.519729922987131e-16,1.0047518372857667e-13,"Mundari (Austroasiatic, Mundaic)",asia,1.0,1.0,2.0
67,4,0,0,5,2,2,3,1,1,0.35499277397825857,1.5444138731623185,6.806384171081628,0.025339763760158857,0.2301985403036596,"Panjabi (Indo-European, Indo-Iranian)",asia,1.0,1.0,2.0
68,2,3,4,2,3,4,1,5,0,0.32150487670195194,1.2026367759501253,5.886876738158385,0.007050432566797851,0.14526459193528407,"Dhimal (Sino-Tibetan, Dhimalish)",asia,1.0,1.0,2.0
69,0,7,1,2,4,6,3,5,8,0.39899479928880366,1.75306124238468,1000.0,-4.547473508864641e-16,0.0,Ainu (Ainu),asia,1.0,1.0,2.0
70,0,5,5,2,4,4,3,1,1,0.35499277397825857,1.544413873162318,6.806384171081628,0.02533976376015879,0.23019854030366005,Evenki (Tungusic),asia,1.0,1.0,2.0
71,2,1,1,4,5,5,3,0,0,0.35499277397825835,1.5444138731623178,6.806384171081628,0.025339763760158954,0.23019854030365994,"Burmese (Tibeto-Burmese, Burmish)",asia,1.0,1.0,2.0
72,2,3,3,1,0,0,4,5,5,0.35499277397825835,1.5444138731623178,6.806384171081628,0.025339763760158954,0.23019854030366027,Manchu (Tungusic),asia,1.0,1.0,2.0
73,2,3,3,1,0,0,4,5,5,0.35499277397825835,1.5444138731623178,6.806384171081628,0.025339763760158954,0.23019854030366027,"Persian (Indo-European, Indo-Iranian)",asia,1.0,1.0,2.0
74,4,0,7,6,2,3,5,8,1,0.39899479928880366,1.7530612423846799,1000.0,-4.547473508864641e-16,-2.220446049250313e-16,"Bantawa (Sino-Tibetan, Kiranti)",asia,1.0,1.0,2.0
75,1,0,0,1,0,0,2,3,3,0.27746806606448826,0.9938980534826948,5.056522289290351,0.014919431539963375,0.22284674881401467,Tamil (Dravidian),asia,1.0,1.0,2.0
76,0,1,1,2,5,5,3,4,4,0.35499277397825835,1.5444138731623178,6.806384171081628,0.025339763760158954,0.23019854030366016,"Vogul (Uralic, Mansi)",asia,1.0,1.0,2.0
77,4,5,5,1,2,2,0,3,3,0.35499277397825857,1.5444138731623185,6.806384171081628,0.025339763760158857,0.23019854030366005,"Ostyak (Uralic, Khantyic)",asia,1.0,1.0,2.0
78,2,4,3,2,4,3,5,0,1,0.32150487670195194,1.202636775950125,5.886876738158385,0.007050432566797813,0.14526459193528474,"Santali (Austroasiatic, Mundaic)",asia,1.0,1.0,2.0
79,3,5,0,1,6,2,4,7,8,0.3989947992888032,1.7530612423846796,78.60455689468452,-4.519729922987131e-16,1.0058620603103918e-13,Tuvinian (Turkic),asia,1.0,1.0,2.0
80,2,0,0,1,3,3,5,4,4,0.3549927739782588,1.5444138731623178,6.806384171081628,0.0253397637601585,0.2301985403036605,"Hebrew (Afro-Asiatic, Semitic)",asia,1.0,1.0,2.0
81,8,1,4,2,3,0,5,6,7,0.3989947992888032,1.7530612423846796,78.60455689468452,-4.519729922987131e-16,1.0047518372857667e-13,"Atong (Sino-Tibetan, Brahmaputran)",asia,1.0,1.0,2.0
82,2,3,3,2,3,3,1,0,0,0.27746806606448815,0.9938980534826947,5.056522289290351,0.01491943153996344,0.22284674881401512,Malayalam (Dravidian),asia,1.0,1.0,2.0
83,3,1,4,3,1,4,5,0,2,0.3215048767019517,1.202636775950125,5.886876738158385,0.007050432566798002,0.1452645919352843,"Wa (Austroasiatic, Palaungic)",asia,1.0,1.0,2.0
84,0,4,1,0,4,1,2,3,5,0.32150487670195194,1.202636775950125,5.886876738158385,0.007050432566797813,0.14526459193528507,"Thai (Tai-Kadai, Daic)",asia,1.0,1.0,2.0
85,6,2,4,3,7,1,8,0,5,0.398994799288803,1.7530612423846794,78.60455689468452,-2.2598649614935657e-16,1.0058620603103918e-13,Yugh (Yeniseian),asia,1.0,1.0,2.0
86,1,2,2,4,0,0,3,5,5,0.35499277397825857,1.5444138731623178,6.806384171081628,0.02533976376015876,0.23019854030366027,"Temiar (Austroasiatic, Aslian)",asia,1.0,1.0,2.0
87,5,2,2,1,3,3,4,0,0,0.35499277397825835,1.5444138731623178,6.806384171081628,0.025339763760158954,0.2301985403036605,"Hindi (Indo-European, Indo-Iranian)",asia,1.0,1.0,2.0
88,6,2,1,4,0,3,5,5,5,0.3769744036917748,1.6615488576486253,8.006666252145543,0.01605251778876362,0.12941927624607408,"[AM-28]  Musqueam (Salishan, Central Salish)",americas,1.0,2.0,3.0
89,2,4,0,7,6,1,5,3,8,0.3989947992888032,1.7530612423846796,78.60455689468452,-4.519729922987131e-16,1.0058620603103918e-13,"[AM-44]  Trio (Cariban, Guianan)",americas,1.0,1.0,2.0
90,1,2,4,1,2,4,5,3,0,0.32150487670195127,1.2026367759501249,5.886876738158385,0.007050432566798417,0.14526459193528474,"[AM-29]  Mutsun (Penutian, Costanoan)",americas,1.0,1.0,2.0
91,0,2,2,4,1,1,5,3,3,0.35499277397825835,1.5444138731623183,6.806384171081628,0.02533976376015902,0.23019854030366016,"[AM-22]  Kumeyaay (Cochimi-Yuman, Yuman) ",americas,1.0,1.0,2.0
92,3,2,1,3,2,0,3,2,0,0.21566136207938658,0.920751504902241,3.9700812935042364,0.06956193315892921,0.6071532238043357,"[AM-48]  Yine (Arawakan, Purus)",americas,2.0,1.0,3.0
93,1,8,5,6,2,4,0,7,3,0.39899479928880366,1.7530612423846796,1000.0,-4.547473508864641e-16,2.220446049250313e-16,"[AM-38]  Quechua, Yauyos (Quechuan, Central Quechua I)",americas,1.0,1.0,2.0
94,4,3,0,4,3,0,5,2,1,0.32150487670195194,1.2026367759501249,5.886876738158385,0.007050432566797776,0.14526459193528496,"[AM-25]  Lenca, Honduran (reconstructed) (Lencan)",americas,1.0,1.0,2.0
95,6,5,3,7,1,8,0,2,4,0.39899479928880344,1.7530612423846796,1000.0,-2.2737367544323206e-16,-2.220446049250313e-16,"[AM-21]  Kodiak Alutiiq (Eskimo-Aleut, Aleut) ",americas,1.0,1.0,2.0
96,2,5,5,1,3,3,4,0,0,0.354992773978259,1.544413873162318,6.806384171081628,0.025339763760158337,0.23019854030366005,"[AM-11]  Cree (Algic, Algonquian) ",americas,1.0,1.0,2.0
97,3,5,7,8,0,2,6,4,1,0.3989947992888032,1.7530612423846796,78.60455689468452,-4.519729922987131e-16,1.0047518372857667e-13,"[AM-17]  Hualapai (Cochimi-Yuman, Yuman) ",americas,1.0,1.0,2.0
98,2,1,1,2,1,1,3,0,0,0.27746806606448826,0.9938980534826948,5.056522289290351,0.014919431539963375,0.22284674881401478,"[AM-16]  Guaraní (Paraguay) (Tupian, Tupi-Guarani)",americas,1.0,1.0,2.0
99,1,5,5,0,2,2,3,4,4,0.35499277397825857,1.544413873162318,6.806384171081628,0.02533976376015879,0.23019854030365983,[AM-39]  Sahaptin (Yakima Ichishkíin) (Penutian) ,americas,1.0,1.0,2.0
100,7,2,5,4,3,8,1,0,6,0.398994799288803,1.7530612423846794,78.60455689468452,-2.2598649614935657e-16,1.0058620603103918e-13,[AM-26]  Mapudungun (Araucanian) ,americas,1.0,1.0,2.0
101,4,1,6,3,2,7,0,2,5,0.37112819193450886,1.696880369355155,7.5759957063225905,0.02764102184955315,0.15725083565220976,"[AM-47]  Yaqui (Uto-Aztecan, Cahitan)",americas,2.0,1.0,3.0
102,0,1,1,0,1,1,3,2,2,0.27746806606448826,0.9938980534826948,5.056522289290351,0.014919431539963375,0.22284674881401478,"[AM-35]  Parecís (Arawakan, Central Maipuran) ",americas,1.0,1.0,2.0
103,3,0,0,2,1,1,5,4,4,0.35499277397825835,1.5444138731623178,6.806384171081628,0.025339763760158954,0.2301985403036605,"[AM-32]  Nez Perce (Penutian, Sahaptian)",americas,1.0,1.0,2.0
104,4,0,0,3,5,5,2,1,1,0.35499277397825857,1.544413873162318,6.806384171081628,0.02533976376015879,0.23019854030366005,"Blackfoot (Algic, Algonquian) ",americas,1.0,1.0,2.0
105,2,4,0,6,3,7,8,5,1,0.398994799288803,1.7530612423846794,78.60455689468452,-2.2598649614935657e-16,1.0058620603103918e-13,"[AM-24]  Lakota (Siouan, Core Siouan)",americas,1.0,1.0,2.0
106,0,5,4,2,3,4,1,5,4,0.3582276288765238,1.5919341859790077,6.925006894293933,0.028561990752922806,0.20863725227445595,"[AM-42] Totonac, Filomeno Mata (Totonacan, Totonac) [José Santiago Francisco, p.c.; 1McFarland 2009]",americas,3.0,1.0,4.0
107,1,3,2,0,3,2,1,3,2,0.27284877957586295,1.244696880686918,4.93567634573345,0.0707747365407703,0.522339911016487,"[AM-36]  Pipil (Uto-Aztecan, Aztecan)",americas,2.0,1.0,3.0
108,4,3,3,2,0,0,5,1,1,0.3549927739782588,1.5444138731623178,6.806384171081628,0.0253397637601585,0.23019854030365983,"[AM-14] Dakota (Siouan, Core Siouan)",americas,1.0,1.0,2.0
109,3,5,5,0,1,1,4,2,2,0.35499277397825857,1.5444138731623176,6.806384171081628,0.025339763760158725,0.23019854030366005,"[AM-19]  Kamaiura (Tupian, Tupi-Guarani)  ",americas,1.0,1.0,2.0
110,4,3,5,4,3,5,1,0,2,0.32150487670195194,1.202636775950125,5.886876738158385,0.007050432566797813,0.14526459193528407,"[AM-23]  Kuna, Border (Chibchan, Core Chibchan)",americas,1.0,1.0,2.0
111,6,4,7,5,3,1,8,2,0,0.398994799288803,1.7530612423846794,78.60455689468452,-2.2598649614935657e-16,1.0058620603103918e-13,[AM-50]  Yuracaré (Yuracaré) ,americas,1.0,1.0,2.0
112,4,6,7,5,1,2,0,1,3,0.37112819193450886,1.696880369355155,7.5759957063225905,0.02764102184955315,0.15725083565220987,Bora (Boran),americas,2.0,1.0,3.0
113,2,1,0,2,1,0,2,1,0,0.2084211895701651,0.857113354188883,3.8886145554839935,0.06196615876518481,0.616799108132158,"[AM-49]  Yucatec Maya (Mayan, Yucatecan) ",americas,1.0,1.0,2.0
114,1,3,3,4,0,0,2,5,5,0.35499277397825857,1.544413873162318,6.806384171081628,0.02533976376015879,0.23019854030365994,"[AM-46]  Wapishana (Arawakan, Northern Maipurean)",americas,1.0,1.0,2.0
115,3,1,5,6,4,8,2,7,0,0.39899479928880344,1.7530612423846794,1000.0,-2.2737367544323206e-16,2.220446049250313e-16,"Apache, San Carlos (Athabaskan-Eyak-Tlingit, Athabaskan) ",americas,1.0,1.0,2.0
116,4,2,1,3,2,0,3,2,0,0.26587722749403153,1.3564343342630985,4.768032089305142,0.1037847811713095,0.5436700351031437,"[AM-45]  Tzotzil, Zinacantán (Mayan, Cholan-Tzeltalan)",americas,2.0,1.0,3.0
117,0,1,1,0,1,1,0,1,1,0.16438203077364966,0.6483627970051893,3.3983306526774046,0.05695288155582928,0.8114955119024414,"Ch’ol, Tila (Mayan, Cholan-Tzeltalan) ",americas,1.0,1.0,2.0
118,2,0,5,2,0,5,3,1,4,0.32150487670195194,1.202636775950125,5.886876738158385,0.007050432566797813,0.14526459193528463,"[AM-40]  Shipibo-Konibo (Pano-Tacanan, Panoan) ",americas,1.0,1.0,2.0
119,1,0,0,1,0,0,1,0,0,0.16438203077364966,0.6483627970051893,3.3983306526774046,0.05695288155582928,0.811495511902441,"[AM-30] Nahuatl, Guerrero (Uto-Aztecan, Aztec) ",americas,1.0,1.0,2.0
120,5,0,1,2,6,4,3,8,7,0.39899479928880366,1.7530612423846796,1000.0,-4.547473508864641e-16,-2.220446049250313e-16,"[AM-20]  Klamath (Penutian, Klamath-Modoc) ",americas,1.0,1.0,2.0
121,0,4,3,6,4,1,5,2,7,0.3797991213150438,1.6159740831690603,8.259589799247138,0.007260896610697709,0.09838326381094298,"[AM-41]  Tohono O'Odham  (Uto-Aztecan, Tepiman) ",americas,2.0,1.0,3.0
122,4,5,6,1,7,2,0,3,8,0.3989947992888032,1.75306124238468,78.60455689468452,-4.0677569306884184e-16,1.0058620603103918e-13,"[AM-15]  Garifuna (Arawakan, Caribbean Arawakan) ",americas,1.0,1.0,2.0
123,4,1,1,4,0,0,2,3,3,0.3038879048575167,1.1829999115623153,5.570227543827882,0.022041942210441003,0.28039811083705846,"[AM-33]  Osage (Siouan, Core Siouan) ",americas,2.0,1.0,3.0
124,3,2,7,8,0,4,6,1,5,0.39899479928880366,1.7530612423846796,1000.0,-4.547473508864641e-16,2.220446049250313e-16,"[AM-18]  Inuktitut, Western Canadian (Eskimo-Aleut, Eskimo) ",americas,1.0,1.0,2.0
125,6,3,1,6,4,7,5,2,0,0.34788993016806136,1.391647280784677,6.552517720264219,0.010239289427717353,0.16374080691411563,"[AM-43]  Totonac, Upper Necaxa (Totonacan, Totonac) ",americas,2.0,1.0,3.0
126,8,6,1,4,3,5,7,2,0,0.39899479928880366,1.7530612423846796,1000.0,-4.547473508864641e-16,0.0,"Arapaho (Algic, Algonquian) ",americas,1.0,1.0,2.0
127,2,1,0,2,1,0,2,1,0,0.2084211895701651,0.857113354188883,3.8886145554839935,0.06196615876518481,0.616799108132158,"[AM-34]  Otomí, Sierra (Oto-Manguean, Otomian)",americas,1.0,1.0,2.0
128,5,4,2,5,4,2,3,0,1,0.3215048767019515,1.202636775950125,5.886876738158385,0.007050432566798229,0.1452645919352843,"[AM-37]  Popoluca, Highland (Mixe-Zoque) ",americas,1.0,1.0,2.0
129,3,1,2,3,1,0,3,1,0,0.21566136207938658,0.9207515049022409,3.9700812935042364,0.06956193315892918,0.6071532238043356,[AM-27]  Movima (Movima),americas,2.0,1.0,3.0
130,1,5,7,3,4,7,6,2,0,0.3918054237964528,1.701137896765747,10.162568869975958,0.003589622900317683,0.04784994643571183,"[AM-10] Comanche (Uto-Aztecan, Numic) ",americas,2.0,1.0,3.0
131,1,2,2,0,2,2,0,2,2,0.2145978961882946,1.0840456263660467,3.95638593548549,0.11214123863531379,0.715716701377733,"[AM-13] Cubeo (Tucanoan, Western Tucanoan) ",americas,2.0,1.0,3.0
132,1,0,0,1,0,0,1,0,0,0.16438203077364966,0.6483627970051893,3.3983306526774046,0.05695288155582928,0.811495511902441,Susu (Mande),africa,1.0,1.0,2.0
133,2,0,0,2,1,1,2,1,1,0.19074936780003848,0.8787192885082256,3.7049674104089316,0.0889747577644207,0.7589249898433132,"Ewe (Atlantic-Congo, Gbe)",africa,2.0,1.0,3.0
134,1,2,2,1,2,2,3,0,0,0.27746806606448826,0.9938980534826948,5.056522289290351,0.014919431539963375,0.22284674881401478,"Gidar (Afro-Asiatic, Chadic)",africa,1.0,1.0,2.0
135,0,1,2,0,1,2,0,1,2,0.2084211895701651,0.857113354188883,3.8886145554839935,0.06196615876518481,0.616799108132158,Koyra Chiini (Songhay),africa,1.0,1.0,2.0
136,1,2,2,3,2,2,0,4,4,0.32857293518523,1.3553120150826974,6.031012034760822,0.025209929041092656,0.2776258965067304,Maale (Ta-Ne-Omotic),africa,2.0,1.0,3.0
137,0,1,1,0,1,1,0,1,1,0.16438203077364966,0.6483627970051893,3.3983306526774046,0.05695288155582928,0.8114955119024414,"Gonja (Atlantic-Congo, Guang)",africa,1.0,1.0,2.0
138,1,0,2,1,0,2,1,0,2,0.2084211895701651,0.857113354188883,3.8886145554839935,0.06196615876518481,0.616799108132158,"Kaba (Central Sudanic, Saraic)",africa,1.0,1.0,2.0
139,0,1,1,0,1,1,0,1,1,0.16438203077364966,0.6483627970051893,3.3983306526774046,0.05695288155582928,0.8114955119024414,"Fon (Atlantic-Congo, Gbe)",africa,1.0,1.0,2.0
140,2,0,1,2,0,1,2,0,1,0.2084211895701651,0.857113354188883,3.8886145554839935,0.06196615876518481,0.6167991081321575,Zialo (Mande),africa,1.0,1.0,2.0
141,3,2,0,3,2,0,1,5,4,0.3215048767019517,1.2026367759501253,5.886876738158385,0.00705043256679804,0.14526459193528474,"Kikuyu (Atlantic-Congo, Bantu)",africa,1.0,1.0,2.0
142,5,4,3,5,1,0,5,1,2,0.2449780179514216,1.1079650212650582,4.358325475699114,0.07836590466252427,0.5413015326557028,"Malagasy (Austronesian, Greater Barito)",africa,3.0,1.0,4.0
143,1,7,6,4,8,5,0,2,3,0.39899479928880344,1.7530612423846794,1000.0,-2.2737367544323206e-16,2.220446049250313e-16,"Ngizim (Afro-Asiatic, Chadic)",africa,1.0,1.0,2.0
144,0,1,1,0,1,1,0,1,1,0.16438203077364966,0.6483627970051893,3.3983306526774046,0.05695288155582928,0.8114955119024414,"Òṇìc̣hà Igbo (Atlantic-Congo, Igboid)",africa,1.0,1.0,2.0
145,5,0,0,4,3,3,2,1,1,0.35499277397825857,1.5444138731623185,6.806384171081628,0.025339763760158857,0.23019854030366071,"Amharic (Afro-Asiatic, Semitic)",africa,1.0,1.0,2.0
146,3,0,0,3,0,0,1,2,2,0.27746806606448815,0.9938980534826947,5.056522289290351,0.01491943153996344,0.22284674881401412,"Fulfulde, Adamawa (Atlantic-Congo, North Atlantic)",africa,1.0,1.0,2.0
147,0,4,1,0,4,1,2,3,5,0.32150487670195194,1.202636775950125,5.886876738158385,0.007050432566797813,0.14526459193528507,Lango (Nilotic),africa,1.0,1.0,2.0
148,2,1,1,2,1,1,0,3,3,0.27746806606448815,0.9938980534826947,5.056522289290351,0.01491943153996344,0.222846748814015,Nobiin (Nubian),africa,1.0,1.0,2.0
149,0,2,1,0,2,1,0,2,1,0.2084211895701651,0.857113354188883,3.8886145554839935,0.06196615876518481,0.6167991081321575,Bangime (Bangime),africa,1.0,1.0,2.0
150,0,1,1,0,1,1,0,1,1,0.16438203077364966,0.6483627970051893,3.3983306526774046,0.05695288155582928,0.8114955119024414,"	Kabiyé (Atlantic-Congo, Gur)",africa,1.0,1.0,2.0
151,0,1,1,0,1,1,0,1,1,0.16438203077364966,0.6483627970051893,3.3983306526774046,0.05695288155582928,0.8114955119024414,Bambara (Mande),africa,1.0,1.0,2.0
152,2,0,1,2,0,1,2,0,1,0.2084211895701651,0.857113354188883,3.8886145554839935,0.06196615876518481,0.6167991081321575,Koyraboro Senni (Songhay),africa,1.0,1.0,2.0
153,0,1,1,0,1,1,0,1,1,0.16438203077364966,0.6483627970051893,3.3983306526774046,0.05695288155582928,0.8114955119024414,"Sango (Atlantic-Congo, Ubangi)",africa,1.0,1.0,2.0
154,3,1,1,3,1,1,2,0,0,0.27746806606448815,0.9938980534826947,5.056522289290351,0.01491943153996344,0.22284674881401412,"Ò̩ko̩ (Atlantic-Congo, Oko-Eni-Osayen)",africa,1.0,1.0,2.0
155,2,3,3,2,3,3,0,1,1,0.27746806606448815,0.9938980534826947,5.056522289290351,0.01491943153996344,0.22284674881401512,"Somali (Afro-Asiatic, Cushitic)",africa,1.0,1.0,2.0
156,3,4,6,8,2,5,1,7,0,0.3989947992888032,1.7530612423846796,78.60455689468452,-4.519729922987131e-16,1.0047518372857667e-13,"Tamasheq, Tadraq (Afro-Asiatic, Berber)",africa,1.0,1.0,2.0
157,1,0,0,1,0,0,1,0,0,0.16438203077364966,0.6483627970051893,3.3983306526774046,0.05695288155582928,0.811495511902441,"Supyire Senoufo (Atlantic-Congo, Gur)",africa,1.0,1.0,2.0
158,0,1,1,0,1,1,3,2,2,0.27746806606448826,0.9938980534826948,5.056522289290351,0.014919431539963375,0.22284674881401478,"Afar (Afro-Asiatic, Cushitic) ",africa,1.0,1.0,2.0
159,2,0,0,1,0,0,1,0,0,0.2145978961882946,1.0840456263660467,3.95638593548549,0.11214123863531379,0.715716701377733,"Angolar (Indo-European, Lower Guinea Portuguese)",africa,2.0,1.0,3.0
160,7,8,5,1,4,3,0,2,6,0.39899479928880366,1.7530612423846796,1000.0,-4.547473508864641e-16,2.220446049250313e-16,"Khoekhoe, Nama (Khoe-Kwadi)",africa,1.0,1.0,2.0
161,2,1,0,2,1,0,2,1,0,0.2084211895701651,0.857113354188883,3.8886145554839935,0.06196615876518481,0.616799108132158,"Tswana (Atlantic-Congo, Bantu)",africa,1.0,1.0,2.0
162,0,5,5,4,1,1,3,2,2,0.35499277397825857,1.5444138731623185,6.806384171081628,0.025339763760158857,0.23019854030365994,Wolaytta (Ta-Ne-Omotic),africa,1.0,1.0,2.0
163,3,1,1,5,2,2,0,4,4,0.354992773978259,1.544413873162318,6.806384171081628,0.025339763760158337,0.23019854030366005,Hamar (South Omotic),africa,1.0,1.0,2.0
164,0,4,5,3,2,1,3,2,1,0.28496838426169435,1.5230511369559732,5.288855247670035,0.1069463988599014,0.511758695620377,Balese (Central Sudanic),africa,1.0,1.0,2.0
165,0,1,1,0,1,1,2,3,3,0.27746806606448826,0.9938980534826948,5.056522289290351,0.014919431539963375,0.22284674881401467,"Munukutuba (Atlantic-Congo, Bantu)",africa,1.0,1.0,2.0
166,1,0,0,3,2,2,3,2,2,0.24096523321468388,1.3144021178690832,4.298497300461934,0.13152768837578493,0.6760378221012568,Bunoge Dogon (Dogon),africa,1.0,1.0,2.0
167,3,0,0,1,2,2,3,0,0,0.2611694212543094,1.2368162722998486,4.654080779733736,0.08539060173875225,0.656866865189931,"Mambay (Atlantic-Congo, Mbumic)",africa,1.0,1.0,2.0
168,7,8,2,6,3,1,4,0,5,0.39899479928880366,1.7530612423846796,1000.0,-4.547473508864641e-16,3.3306690738754696e-16,"Yoruba (Atlantic-Congo, Defoid)",africa,1.0,1.0,2.0
169,3,4,4,1,0,0,2,5,5,0.35499277397825857,1.544413873162318,6.806384171081628,0.02533976376015879,0.23019854030366038,"Tigrinya (Afro-Asiatic, Semitic)",africa,1.0,1.0,2.0
170,1,0,0,1,0,0,1,0,0,0.16438203077364966,0.6483627970051893,3.3983306526774046,0.05695288155582928,0.811495511902441,Penange (Dogon),africa,1.0,1.0,2.0
171,1,5,0,1,5,0,4,3,2,0.3215048767019515,1.2026367759501255,5.886876738158385,0.007050432566798303,0.14526459193528485,"Swahili (Atlantic-Congo, Bantu)",africa,1.0,1.0,2.0
172,0,1,2,0,1,2,0,1,2,0.2084211895701651,0.857113354188883,3.8886145554839935,0.06196615876518481,0.616799108132158,"Dii (Atlantic-Congo, Central Adamawa)",africa,1.0,1.0,2.0
173,3,2,2,3,2,2,0,1,1,0.27746806606448815,0.9938980534826947,5.056522289290351,0.01491943153996344,0.22284674881401412,"Miya (Afro-Asiatic, Chadic)",africa,1.0,1.0,2.0
174,1,5,5,4,2,2,3,0,0,0.35499277397825857,1.544413873162318,6.806384171081628,0.02533976376015879,0.23019854030365994,"Zay (Afro-Asiatic, Semitic)",africa,1.0,1.0,2.0
175,2,0,5,7,4,1,8,3,6,0.398994799288803,1.7530612423846794,78.60455689468452,-2.2598649614935657e-16,1.0058620603103918e-13,"Hausa (Afro-Asiatic, Chadic)",africa,1.0,1.0,2.0
176,1,0,0,1,0,0,1,0,0,0.16438203077364966,0.6483627970051893,3.3983306526774046,0.05695288155582928,0.811495511902441,Loma (Mande),africa,1.0,1.0,2.0
177,3,2,2,3,2,2,0,1,1,0.27746806606448815,0.9938980534826947,5.056522289290351,0.01491943153996344,0.22284674881401412,Dime (South Omotic),africa,1.0,1.0,2.0
178,5,5,2,3,4,0,1,1,0,0.30930152253790144,1.3435642947505566,5.667306336848183,0.04462521622241228,0.4153468190521532,"[OC-18]  Kilivila[211] (Austronesian, Oceanic)",oceania,2.0,2.0,4.0
179,2,1,7,0,5,3,4,8,6,0.39899479928880366,1.7530612423846799,1000.0,-4.547473508864641e-16,-2.220446049250313e-16,[OC-17]  Jingulu (Mirndi),oceania,1.0,1.0,2.0
180,4,1,1,0,5,5,3,2,2,0.35499277397825835,1.5444138731623178,6.806384171081628,0.025339763760158954,0.23019854030365994,[OC-10]  Dyirbal (Pama-Nyungan),oceania,1.0,1.0,2.0
181,8,0,5,1,3,6,7,2,4,0.3989947992888032,1.7530612423846796,78.60455689468452,-4.519729922987131e-16,1.0047518372857667e-13,"[OC-48]  Yidiɲ (Pama-Nyungan, Yimidhirr-Yalanji-Yidinic)",oceania,1.0,1.0,2.0
182,3,1,1,0,0,0,0,2,2,0.22277838131714955,1.191243955668351,4.0532547651976065,0.1278276413038121,0.7149486546056145,"Awtuw (Sepik, Ram) ",oceania,2.0,2.0,4.0
183,2,8,5,3,1,4,7,6,0,0.39899479928880366,1.7530612423846796,1000.0,-4.547473508864641e-16,2.220446049250313e-16,[OC-45]  Wardaman (Yangmanic),oceania,1.0,1.0,2.0
184,2,1,0,2,1,0,2,1,0,0.2084211895701651,0.857113354188883,3.8886145554839935,0.06196615876518481,0.616799108132158,"[OC-6]  Bunaq (Timor-Alor-Pantar, East Timor-Bunaq) ",oceania,1.0,1.0,2.0
185,4,0,2,1,5,3,4,0,2,0.3051847157090972,1.4454915203734355,5.589509348409787,0.06763086953659371,0.4684354938132742,"[OC-40]  Tidore (West Papuan, North Halmahera)",oceania,1.0,1.0,2.0
186,5,0,0,3,4,4,2,1,1,0.35499277397825857,1.544413873162318,6.806384171081628,0.02533976376015879,0.2301985403036605,"[OC-46]  Warrongo (Pama-Nyungan, Maric)",oceania,1.0,1.0,2.0
187,2,3,1,2,0,1,2,1,1,0.22898663711194955,1.0146268797307756,4.138170726750025,0.07638511018640813,0.5837752364180793,"[OC-7]  Chamorro (Austronesian, Malayo-Polynesian) ",oceania,2.0,2.0,4.0
188,7,6,1,3,4,0,5,2,0,0.38876930018443145,1.7324645287147373,9.451217199943391,0.01032121852212399,0.06864158669762366,[OC-27]  Motuna (South Bougainville),oceania,2.0,1.0,3.0
189,0,4,4,3,1,1,5,2,2,0.35499277397825835,1.5444138731623178,6.806384171081628,0.025339763760158954,0.23019854030366038,"[OC-44]  Wambaya (Mirndi, Ngurlun)",oceania,1.0,1.0,2.0
190,2,3,3,0,1,1,5,4,4,0.35499277397825835,1.5444138731623178,6.806384171081628,0.025339763760158954,0.23019854030365983,"[OC-15]  Hawaiian (Austronesian, Oceanic)",oceania,1.0,1.0,2.0
191,1,5,5,4,2,2,3,0,0,0.35499277397825857,1.544413873162318,6.806384171081628,0.02533976376015879,0.23019854030365994,"[OC-43]  Tongan (Austronesian, Oceanic) ",oceania,1.0,1.0,2.0
192,5,4,6,1,7,0,2,3,0,0.38876930018443145,1.732464528714737,9.451217199943391,0.010321218522123966,0.06864158669762399,"[OC-30]  Orokaiva (Trans-New Guinea, Binanderean)",oceania,2.0,1.0,3.0
193,8,5,0,7,6,2,1,4,3,0.3989947992888032,1.7530612423846796,78.60455689468452,-4.519729922987131e-16,1.0047518372857667e-13,"Arrernte, Eastern (Pama-Nyungan, Aranda) ",oceania,1.0,1.0,2.0
194,5,4,1,5,4,0,2,3,0,0.31846875308993083,1.2339634078991157,5.826163811892308,0.015554346784982126,0.18077321142577818,"[OC-14]  Guugu Yimidhirr (Pama-Nyungan, Yimidhirr-Yalanji-Yidinic)",oceania,2.0,1.0,3.0
195,3,5,5,2,0,0,4,1,1,0.35499277397825857,1.544413873162318,6.806384171081628,0.02533976376015879,0.23019854030366005,"[OC-16]  Imonda (Border, Waris)",oceania,1.0,1.0,2.0
196,4,2,1,0,2,1,0,3,1,0.286399141133008,1.3785067000565208,5.307163058714586,0.07791307416820915,0.4271343191861663,"[OC-42]  Tok Pisin (Indo-European, Pacific Creole English)",oceania,3.0,1.0,4.0
197,5,2,3,6,4,1,0,7,0,0.3865951137215651,1.7226332090954124,9.098703015297724,0.011856336512199977,0.0800008324091045,"Abui (Timor-Alor-Pantar, Alor) ",oceania,1.0,2.0,3.0
198,7,4,3,6,0,1,2,5,5,0.39447561932521746,1.7315367249259905,11.117906350040602,0.0034682838703294794,0.0346085515882264,[OC-25]  Maybrat (Maybrat-Karon) ,oceania,1.0,2.0,3.0
199,4,1,1,3,2,2,0,5,5,0.35499277397825857,1.544413873162318,6.806384171081628,0.02533976376015879,0.23019854030366027,[OC-36]  Rotokas (North Bougainville),oceania,1.0,1.0,2.0
200,4,0,0,5,2,2,3,1,1,0.35499277397825857,1.5444138731623185,6.806384171081628,0.025339763760158857,0.2301985403036596,"[OC-13]  Garrwa, Western (Garrwan) ",oceania,1.0,1.0,2.0
201,4,0,0,5,2,2,1,3,3,0.354992773978259,1.544413873162318,6.806384171081628,0.025339763760158337,0.2301985403036596,"[OC-29]  Nii (Trans-New Guinea, Wahgic)",oceania,1.0,1.0,2.0
202,6,1,8,3,5,7,2,4,0,0.39899479928880344,1.7530612423846794,1000.0,-2.2737367544323206e-16,2.220446049250313e-16,"[OC-5]  Bardi (Nyulnyulan, Western) ",oceania,1.0,1.0,2.0
203,3,1,1,0,2,2,0,2,2,0.2409652332146841,1.3144021178690832,4.298497300461934,0.1315276883757847,0.6760378221012568,"Abau (Sepik, Upper) ",oceania,1.0,1.0,2.0
204,5,4,4,0,2,2,3,1,1,0.35499277397825857,1.544413873162318,6.806384171081628,0.02533976376015879,0.23019854030365994,"[OC-26]  Menya (Trans-New Guinea, Angan)",oceania,1.0,1.0,2.0
205,5,0,4,6,8,1,7,2,3,0.3989947992888032,1.7530612423846796,78.60455689468452,-4.519729922987131e-16,1.0047518372857667e-13,"[OC-8]  Djapu (Pama-Nyungan, Yuulngu) ",oceania,1.0,1.0,2.0
206,5,0,0,2,3,3,1,4,4,0.35499277397825857,1.544413873162318,6.806384171081628,0.02533976376015879,0.23019854030366071,"[OC-32]  Pitjantjatjara (Pama-Nyungan, Wati)",oceania,1.0,1.0,2.0
207,4,3,1,2,7,6,5,8,0,0.39899479928880344,1.7530612423846794,1000.0,-2.2737367544323206e-16,0.0,"[OC-47]  Yawuru (Nyulnyulan, Eastern)",oceania,1.0,1.0,2.0
208,2,3,5,4,1,0,4,4,0,0.28369706813126805,1.4901666805505436,5.270610592014071,0.10235159250302546,0.5141511150453347,"[OC-9]  Doromu-Koki (Trans-New Guinea, Manubaran) ",oceania,2.0,2.0,4.0
209,5,2,6,0,7,1,3,8,4,0.39899479928880366,1.7530612423846796,1000.0,-4.547473508864641e-16,2.220446049250313e-16,"[OC-11]  Fijian (Austronesian, Oceanic)",oceania,1.0,1.0,2.0
210,6,5,4,0,3,7,1,8,2,0.3989947992888041,1.7530612423846799,996.5503582908606,-9.126429931075058e-16,2.220446049250313e-16,"[OC-21]  Maori (Southern Cook Islands) (Austronesian, Oceanic)",oceania,1.0,1.0,2.0
211,8,3,2,1,4,0,6,5,7,0.3989947992888032,1.7530612423846799,78.60455689468452,-4.519729922987131e-16,1.0025313912365164e-13,[OC-28]  Ngan'gityemerri (Southern Daly),oceania,1.0,1.0,2.0
212,3,0,0,1,5,5,2,4,4,0.35499277397825835,1.5444138731623178,6.806384171081628,0.025339763760158954,0.2301985403036596,[OC-38]  Savosavo (Solomon Islands),oceania,1.0,1.0,2.0
213,7,1,3,4,8,2,5,6,0,0.39899479928880344,1.7530612423846794,1000.0,-2.2737367544323206e-16,3.3306690738754696e-16,"[OC-49]  Yindjibarndi  (Pama-Nyungan, Pilbara)",oceania,1.0,1.0,2.0
214,2,6,5,8,7,4,1,3,0,0.39899479928880366,1.7530612423846796,1000.0,-4.547473508864641e-16,3.3306690738754696e-16,"[OC-50]  Yuwaalaraay (Pama-Nyungan, Wiradhuric)",oceania,1.0,1.0,2.0
215,4,4,0,3,3,2,5,5,1,0.2901477016395,1.2185969024264804,5.362467614142308,0.04355662879995284,0.48750138346419736,"[OC-39]  South Efate (Austronesian, Oceanic)",oceania,1.0,1.0,2.0
216,2,4,4,0,5,5,1,3,3,0.35499277397825857,1.544413873162318,6.806384171081628,0.02533976376015879,0.2301985403036595,"[OC-23]  Martuthunira (Pama-Nyungan, Pilbara)",oceania,1.0,1.0,2.0
217,2,4,4,1,0,0,5,3,3,0.35499277397825835,1.5444138731623178,6.806384171081628,0.025339763760158954,0.23019854030366038,"[OC-35]  Rawa (Karo) (Trans-New Guinea, Finisterre-Huon)",oceania,1.0,1.0,2.0
218,4,3,3,2,1,1,0,5,5,0.35499277397825857,1.544413873162318,6.806384171081628,0.02533976376015879,0.23019854030366027,"[OC-37]  Sa'a (Austronesian, Oceanic)",oceania,1.0,1.0,2.0
219,3,6,1,5,0,7,4,2,8,0.39899479928880366,1.7530612423846792,1000.0,-4.547473508864641e-16,0.0,"[OC-19]  Komnzo (Morehead-Wasur, Eastern Tonda)",oceania,1.0,1.0,2.0
